date,region,category,inventory_units,stockout_rate
2026-05-01,West India,Apparel,16360,0.031
2026-05-01,West India,Accessories,13853,0.015
2026-05-01,West India,Footwear,15790,0.046
2026-05-01,North India,Apparel,16762,0.052
2026-05-01,North India,Accessories,13380,0.049
2026-05-01,North India,Footwear,14854,0.025
2026-05-01,South India,Apparel,17591,0.06
2026-05-01,South India,Accessories,12680,0.051
2026-05-01,South India,Footwear,15554,0.047
2026-05-02,West India,Apparel,19109,0.053
2026-05-02,West India,Accessories,13412,0.01
2026-05-02,West India,Footwear,13963,0.028
2026-05-02,North India,Apparel,17883,0.019
2026-05-02,North India,Accessories,12029,0.014
2026-05-02,North India,Footwear,14229,0.056
2026-05-02,South India,Apparel,18005,0.059
2026-05-02,South India,Accessories,12614,0.017
2026-05-02,South India,Footwear,16486,0.04
2026-05-03,West India,Apparel,17042,0.015
2026-05-03,West India,Accessories,13496,0.014
2026-05-03,West India,Footwear,14730,0.059
2026-05-03,North India,Apparel,15633,0.046
2026-05-03,North India,Accessories,13824,0.044
2026-05-03,North India,Footwear,14229,0.053
2026-05-03,South India,Apparel,18431,0.01
2026-05-03,South India,Accessories,13648,0.057
2026-05-03,South India,Footwear,15461,0.035
2026-05-04,West India,Apparel,16829,0.013
2026-05-04,West India,Accessories,15800,0.046
2026-05-04,West India,Footwear,17210,0.017
2026-05-04,North India,Apparel,17488,0.02
2026-05-04,North India,Accessories,13038,0.038
2026-05-04,North India,Footwear,13366,0.042
2026-05-04,South India,Apparel,17252,0.038
2026-05-04,South India,Accessories,14194,0.018
2026-05-04,South India,Footwear,15981,0.048
2026-05-05,West India,Apparel,18594,0.056
2026-05-05,West India,Accessories,14825,0.056
2026-05-05,West India,Footwear,15332,0.01
2026-05-05,North India,Apparel,15676,0.015
2026-05-05,North India,Accessories,12012,0.028
2026-05-05,North India,Footwear,16116,0.05
2026-05-05,South India,Apparel,19682,0.017
2026-05-05,South India,Accessories,16898,0.011
2026-05-05,South India,Footwear,15612,0.027
2026-05-06,West India,Apparel,18536,0.051
2026-05-06,West India,Accessories,14268,0.045
2026-05-06,West India,Footwear,16509,0.05
2026-05-06,North India,Apparel,15300,0.02
2026-05-06,North India,Accessories,13058,0.034
2026-05-06,North India,Footwear,13927,0.016
2026-05-06,South India,Apparel,16641,0.015
2026-05-06,South India,Accessories,12840,0.017
2026-05-06,South India,Footwear,15969,0.024
2026-05-07,West India,Apparel,18974,0.026
2026-05-07,West India,Accessories,14792,0.038
2026-05-07,West India,Footwear,15396,0.025
2026-05-07,North India,Apparel,14931,0.038
2026-05-07,North India,Accessories,13927,0.05
2026-05-07,North India,Footwear,14896,0.034
2026-05-07,South India,Apparel,14604,0.038
2026-05-07,South India,Accessories,13792,0.034
2026-05-07,South India,Footwear,15765,0.05
2026-05-08,West India,Apparel,15842,0.025
2026-05-08,West India,Accessories,15050,0.012
2026-05-08,West India,Footwear,14427,0.045
2026-05-08,North India,Apparel,15545,0.034
2026-05-08,North India,Accessories,11761,0.021
2026-05-08,North India,Footwear,13873,0.048
2026-05-08,South India,Apparel,15394,0.017
2026-05-08,South India,Accessories,14751,0.04
2026-05-08,South India,Footwear,15047,0.045
2026-05-09,West India,Apparel,17397,0.051
2026-05-09,West India,Accessories,15740,0.037
2026-05-09,West India,Footwear,17631,0.015
2026-05-09,North India,Apparel,16047,0.012
2026-05-09,North India,Accessories,13538,0.015
2026-05-09,North India,Footwear,14198,0.042
2026-05-09,South India,Apparel,16916,0.031
2026-05-09,South India,Accessories,12484,0.032
2026-05-09,South India,Footwear,15870,0.046
2026-05-10,West India,Apparel,19739,0.035
2026-05-10,West India,Accessories,15554,0.058
2026-05-10,West India,Footwear,16310,0.035
2026-05-10,North India,Apparel,14065,0.011
2026-05-10,North India,Accessories,12574,0.026
2026-05-10,North India,Footwear,14775,0.06
2026-05-10,South India,Apparel,15234,0.012
2026-05-10,South India,Accessories,12019,0.011
2026-05-10,South India,Footwear,17148,0.014
2026-05-11,West India,Apparel,19252,0.057
2026-05-11,West India,Accessories,15028,0.041
2026-05-11,West India,Footwear,17160,0.013
2026-05-11,North India,Apparel,14979,0.015
2026-05-11,North India,Accessories,12299,0.026
2026-05-11,North India,Footwear,15156,0.032
2026-05-11,South India,Apparel,17458,0.05
2026-05-11,South India,Accessories,12131,0.052
2026-05-11,South India,Footwear,15527,0.052
2026-05-12,West India,Apparel,17935,0.021
2026-05-12,West India,Accessories,15512,0.024
2026-05-12,West India,Footwear,16643,0.022
2026-05-12,North India,Apparel,18670,0.028
2026-05-12,North India,Accessories,12843,0.054
2026-05-12,North India,Footwear,13552,0.036
2026-05-12,South India,Apparel,19192,0.051
2026-05-12,South India,Accessories,14029,0.015
2026-05-12,South India,Footwear,15252,0.044
2026-05-13,West India,Apparel,16821,0.039
2026-05-13,West India,Accessories,14024,0.03
2026-05-13,West India,Footwear,15711,0.016
2026-05-13,North India,Apparel,15005,0.026
2026-05-13,North India,Accessories,10971,0.028
2026-05-13,North India,Footwear,14375,0.034
2026-05-13,South India,Apparel,18045,0.043
2026-05-13,South India,Accessories,15019,0.027
2026-05-13,South India,Footwear,16535,0.04
2026-05-14,West India,Apparel,19545,0.027
2026-05-14,West India,Accessories,13215,0.042
2026-05-14,West India,Footwear,16559,0.032
2026-05-14,North India,Apparel,17231,0.012
2026-05-14,North India,Accessories,13855,0.018
2026-05-14,North India,Footwear,14777,0.031
2026-05-14,South India,Apparel,17206,0.056
2026-05-14,South India,Accessories,15843,0.058
2026-05-14,South India,Footwear,16494,0.053
2026-05-15,West India,Apparel,18742,0.038
2026-05-15,West India,Accessories,15211,0.044
2026-05-15,West India,Footwear,15624,0.057
2026-05-15,North India,Apparel,17354,0.023
2026-05-15,North India,Accessories,13345,0.045
2026-05-15,North India,Footwear,15875,0.011
2026-05-15,South India,Apparel,16088,0.056
2026-05-15,South India,Accessories,14441,0.016
2026-05-15,South India,Footwear,14916,0.042
2026-05-16,West India,Apparel,19121,0.052
2026-05-16,West India,Accessories,14727,0.055
2026-05-16,West India,Footwear,16283,0.051
2026-05-16,North India,Apparel,16155,0.023
2026-05-16,North India,Accessories,13163,0.015
2026-05-16,North India,Footwear,14377,0.017
2026-05-16,South India,Apparel,16617,0.013
2026-05-16,South India,Accessories,14130,0.022
2026-05-16,South India,Footwear,13307,0.049
2026-05-17,West India,Apparel,19100,0.053
2026-05-17,West India,Accessories,15301,0.027
2026-05-17,West India,Footwear,15898,0.03
2026-05-17,North India,Apparel,16734,0.036
2026-05-17,North India,Accessories,12231,0.054
2026-05-17,North India,Footwear,15349,0.051
2026-05-17,South India,Apparel,15904,0.038
2026-05-17,South India,Accessories,10658,0.022
2026-05-17,South India,Footwear,16842,0.038
2026-05-18,West India,Apparel,16531,0.026
2026-05-18,West India,Accessories,14335,0.04
2026-05-18,West India,Footwear,16479,0.019
2026-05-18,North India,Apparel,17141,0.028
2026-05-18,North India,Accessories,13231,0.027
2026-05-18,North India,Footwear,15210,0.048
2026-05-18,South India,Apparel,16652,0.051
2026-05-18,South India,Accessories,11992,0.038
2026-05-18,South India,Footwear,15289,0.012
2026-05-19,West India,Apparel,18900,0.049
2026-05-19,West India,Accessories,13288,0.055
2026-05-19,West India,Footwear,16492,0.05
2026-05-19,North India,Apparel,18979,0.049
2026-05-19,North India,Accessories,13122,0.024
2026-05-19,North India,Footwear,14822,0.05
2026-05-19,South India,Apparel,14893,0.025
2026-05-19,South India,Accessories,12431,0.058
2026-05-19,South India,Footwear,14326,0.032
2026-05-20,West India,Apparel,18840,0.03
2026-05-20,West India,Accessories,13358,0.032
2026-05-20,West India,Footwear,13791,0.055
2026-05-20,North India,Apparel,17026,0.038
2026-05-20,North India,Accessories,12447,0.045
2026-05-20,North India,Footwear,13049,0.038
2026-05-20,South India,Apparel,17965,0.047
2026-05-20,South India,Accessories,13201,0.047
2026-05-20,South India,Footwear,15903,0.035
2026-05-21,West India,Apparel,15774,0.01
2026-05-21,West India,Accessories,11871,0.041
2026-05-21,West India,Footwear,16367,0.051
2026-05-21,North India,Apparel,15040,0.048
2026-05-21,North India,Accessories,13321,0.053
2026-05-21,North India,Footwear,15012,0.039
2026-05-21,South India,Apparel,17010,0.042
2026-05-21,South India,Accessories,14757,0.038
2026-05-21,South India,Footwear,18744,0.05
2026-05-22,West India,Apparel,18548,0.024
2026-05-22,West India,Accessories,16562,0.045
2026-05-22,West India,Footwear,14119,0.059
2026-05-22,North India,Apparel,16050,0.048
2026-05-22,North India,Accessories,11849,0.019
2026-05-22,North India,Footwear,14076,0.048
2026-05-22,South India,Apparel,16613,0.053
2026-05-22,South India,Accessories,15756,0.029
2026-05-22,South India,Footwear,15378,0.032
2026-05-23,West India,Apparel,19592,0.018
2026-05-23,West India,Accessories,13914,0.034
2026-05-23,West India,Footwear,15502,0.011
2026-05-23,North India,Apparel,14412,0.018
2026-05-23,North India,Accessories,15249,0.05
2026-05-23,North India,Footwear,16586,0.04
2026-05-23,South India,Apparel,17321,0.025
2026-05-23,South India,Accessories,13352,0.037
2026-05-23,South India,Footwear,15424,0.021
2026-05-24,West India,Apparel,16106,0.034
2026-05-24,West India,Accessories,14966,0.06
2026-05-24,West India,Footwear,17965,0.053
2026-05-24,North India,Apparel,18375,0.038
2026-05-24,North India,Accessories,11568,0.036
2026-05-24,North India,Footwear,16151,0.05
2026-05-24,South India,Apparel,15219,0.056
2026-05-24,South India,Accessories,11274,0.036
2026-05-24,South India,Footwear,16692,0.035
2026-05-25,West India,Apparel,17281,0.019
2026-05-25,West India,Accessories,15522,0.051
2026-05-25,West India,Footwear,17333,0.034
2026-05-25,North India,Apparel,17467,0.025
2026-05-25,North India,Accessories,13294,0.017
2026-05-25,North India,Footwear,13409,0.032
2026-05-25,South India,Apparel,16616,0.029
2026-05-25,South India,Accessories,15167,0.023
2026-05-25,South India,Footwear,16528,0.014
2026-05-26,West India,Apparel,17666,0.05
2026-05-26,West India,Accessories,14119,0.046
2026-05-26,West India,Footwear,17024,0.05
2026-05-26,North India,Apparel,16713,0.034
2026-05-26,North India,Accessories,13008,0.025
2026-05-26,North India,Footwear,15498,0.026
2026-05-26,South India,Apparel,17694,0.014
2026-05-26,South India,Accessories,12919,0.06
2026-05-26,South India,Footwear,15736,0.032
2026-05-27,West India,Apparel,18642,0.017
2026-05-27,West India,Accessories,14414,0.021
2026-05-27,West India,Footwear,15257,0.01
2026-05-27,North India,Apparel,16087,0.022
2026-05-27,North India,Accessories,12227,0.021
2026-05-27,North India,Footwear,15307,0.026
2026-05-27,South India,Apparel,14905,0.055
2026-05-27,South India,Accessories,15298,0.045
2026-05-27,South India,Footwear,16899,0.018
2026-05-28,West India,Apparel,18678,0.058
2026-05-28,West India,Accessories,15480,0.024
2026-05-28,West India,Footwear,17318,0.052
2026-05-28,North India,Apparel,16733,0.038
2026-05-28,North India,Accessories,13037,0.044
2026-05-28,North India,Footwear,14533,0.019
2026-05-28,South India,Apparel,19183,0.058
2026-05-28,South India,Accessories,12772,0.031
2026-05-28,South India,Footwear,14390,0.013
2026-05-29,West India,Apparel,19488,0.021
2026-05-29,West India,Accessories,15467,0.037
2026-05-29,West India,Footwear,15925,0.012
2026-05-29,North India,Apparel,17267,0.019
2026-05-29,North India,Accessories,13957,0.048
2026-05-29,North India,Footwear,13357,0.029
2026-05-29,South India,Apparel,18878,0.053
2026-05-29,South India,Accessories,14380,0.021
2026-05-29,South India,Footwear,15900,0.02
2026-05-30,West India,Apparel,19045,0.014
2026-05-30,West India,Accessories,14818,0.031
2026-05-30,West India,Footwear,16141,0.013
2026-05-30,North India,Apparel,13994,0.055
2026-05-30,North India,Accessories,13396,0.044
2026-05-30,North India,Footwear,13260,0.031
2026-05-30,South India,Apparel,19794,0.016
2026-05-30,South India,Accessories,13532,0.039
2026-05-30,South India,Footwear,17787,0.041
2026-05-31,West India,Apparel,18292,0.027
2026-05-31,West India,Accessories,13769,0.054
2026-05-31,West India,Footwear,17946,0.039
2026-05-31,North India,Apparel,17091,0.013
2026-05-31,North India,Accessories,15832,0.019
2026-05-31,North India,Footwear,14171,0.034
2026-05-31,South India,Apparel,18898,0.015
2026-05-31,South India,Accessories,16230,0.058
2026-05-31,South India,Footwear,17084,0.029
2026-06-01,West India,Apparel,19160,0.04
2026-06-01,West India,Accessories,16091,0.037
2026-06-01,West India,Footwear,16149,0.031
2026-06-01,North India,Apparel,15489,0.012
2026-06-01,North India,Accessories,12710,0.032
2026-06-01,North India,Footwear,15007,0.022
2026-06-01,South India,Apparel,18171,0.044
2026-06-01,South India,Accessories,12836,0.018
2026-06-01,South India,Footwear,14974,0.044
2026-06-02,West India,Apparel,17096,0.047
2026-06-02,West India,Accessories,15611,0.048
2026-06-02,West India,Footwear,18820,0.048
2026-06-02,North India,Apparel,15277,0.052
2026-06-02,North India,Accessories,13866,0.05
2026-06-02,North India,Footwear,16264,0.034
2026-06-02,South India,Apparel,16826,0.036
2026-06-02,South India,Accessories,12195,0.032
2026-06-02,South India,Footwear,16935,0.05
2026-06-03,West India,Apparel,16061,0.022
2026-06-03,West India,Accessories,16317,0.048
2026-06-03,West India,Footwear,15360,0.055
2026-06-03,North India,Apparel,14549,0.039
2026-06-03,North India,Accessories,12784,0.059
2026-06-03,North India,Footwear,14911,0.046
2026-06-03,South India,Apparel,17349,0.032
2026-06-03,South India,Accessories,14382,0.019
2026-06-03,South India,Footwear,15725,0.036
2026-06-04,West India,Apparel,20758,0.046
2026-06-04,West India,Accessories,14404,0.054
2026-06-04,West India,Footwear,16721,0.02
2026-06-04,North India,Apparel,16915,0.036
2026-06-04,North India,Accessories,11529,0.048
2026-06-04,North India,Footwear,13542,0.027
2026-06-04,South India,Apparel,17186,0.024
2026-06-04,South India,Accessories,14173,0.018
2026-06-04,South India,Footwear,12934,0.026
2026-06-05,West India,Apparel,20841,0.022
2026-06-05,West India,Accessories,15103,0.05
2026-06-05,West India,Footwear,16303,0.027
2026-06-05,North India,Apparel,17241,0.042
2026-06-05,North India,Accessories,12726,0.058
2026-06-05,North India,Footwear,15168,0.051
2026-06-05,South India,Apparel,17581,0.035
2026-06-05,South India,Accessories,15068,0.014
2026-06-05,South India,Footwear,15195,0.058
2026-06-06,West India,Apparel,16095,0.052
2026-06-06,West India,Accessories,13490,0.021
2026-06-06,West India,Footwear,15985,0.056
2026-06-06,North India,Apparel,14880,0.016
2026-06-06,North India,Accessories,12258,0.045
2026-06-06,North India,Footwear,13921,0.026
2026-06-06,South India,Apparel,16684,0.018
2026-06-06,South India,Accessories,14249,0.043
2026-06-06,South India,Footwear,14959,0.049
2026-06-07,West India,Apparel,18962,0.024
2026-06-07,West India,Accessories,14492,0.02
2026-06-07,West India,Footwear,15084,0.019
2026-06-07,North India,Apparel,17087,0.018
2026-06-07,North India,Accessories,13496,0.041
2026-06-07,North India,Footwear,15677,0.05
2026-06-07,South India,Apparel,18239,0.017
2026-06-07,South India,Accessories,15109,0.013
2026-06-07,South India,Footwear,16074,0.03
2026-06-08,West India,Apparel,18355,0.024
2026-06-08,West India,Accessories,15207,0.052
2026-06-08,West India,Footwear,15714,0.041
2026-06-08,North India,Apparel,15911,0.012
2026-06-08,North India,Accessories,14830,0.037
2026-06-08,North India,Footwear,14286,0.026
2026-06-08,South India,Apparel,15969,0.041
2026-06-08,South India,Accessories,14287,0.041
2026-06-08,South India,Footwear,14851,0.034
2026-06-09,West India,Apparel,19295,0.032
2026-06-09,West India,Accessories,15896,0.012
2026-06-09,West India,Footwear,15381,0.024
2026-06-09,North India,Apparel,17500,0.042
2026-06-09,North India,Accessories,12675,0.04
2026-06-09,North India,Footwear,14677,0.047
2026-06-09,South India,Apparel,17539,0.022
2026-06-09,South India,Accessories,13116,0.031
2026-06-09,South India,Footwear,15670,0.028
2026-06-10,West India,Apparel,17906,0.04
2026-06-10,West India,Accessories,15465,0.05
2026-06-10,West India,Footwear,17402,0.045
2026-06-10,North India,Apparel,15919,0.033
2026-06-10,North India,Accessories,13643,0.044
2026-06-10,North India,Footwear,16145,0.057
2026-06-10,South India,Apparel,15767,0.038
2026-06-10,South India,Accessories,13522,0.041
2026-06-10,South India,Footwear,15759,0.029
2026-06-11,West India,Apparel,16638,0.016
2026-06-11,West India,Accessories,16502,0.06
2026-06-11,West India,Footwear,15773,0.01
2026-06-11,North India,Apparel,18851,0.011
2026-06-11,North India,Accessories,12696,0.046
2026-06-11,North India,Footwear,14404,0.046
2026-06-11,South India,Apparel,14991,0.059
2026-06-11,South India,Accessories,14274,0.059
2026-06-11,South India,Footwear,14008,0.056
2026-06-12,West India,Apparel,17928,0.017
2026-06-12,West India,Accessories,13537,0.036
2026-06-12,West India,Footwear,16590,0.056
2026-06-12,North India,Apparel,13034,0.026
2026-06-12,North India,Accessories,13368,0.017
2026-06-12,North India,Footwear,15329,0.017
2026-06-12,South India,Apparel,16585,0.045
2026-06-12,South India,Accessories,13332,0.029
2026-06-12,South India,Footwear,14781,0.051
2026-06-13,West India,Apparel,17909,0.037
2026-06-13,West India,Accessories,16197,0.036
2026-06-13,West India,Footwear,17442,0.053
2026-06-13,North India,Apparel,16415,0.03
2026-06-13,North India,Accessories,12852,0.036
2026-06-13,North India,Footwear,15864,0.043
2026-06-13,South India,Apparel,17319,0.021
2026-06-13,South India,Accessories,12547,0.027
2026-06-13,South India,Footwear,15082,0.02
2026-06-14,West India,Apparel,20060,0.037
2026-06-14,West India,Accessories,15066,0.017
2026-06-14,West India,Footwear,15786,0.037
2026-06-14,North India,Apparel,14674,0.036
2026-06-14,North India,Accessories,13512,0.035
2026-06-14,North India,Footwear,14952,0.027
2026-06-14,South India,Apparel,16872,0.035
2026-06-14,South India,Accessories,14542,0.014
2026-06-14,South India,Footwear,16023,0.02
2026-06-15,West India,Apparel,16050,0.019
2026-06-15,West India,Accessories,14505,0.02
2026-06-15,West India,Footwear,14710,0.054
2026-06-15,North India,Apparel,15961,0.031
2026-06-15,North India,Accessories,11917,0.057
2026-06-15,North India,Footwear,13443,0.013
2026-06-15,South India,Apparel,14666,0.059
2026-06-15,South India,Accessories,14054,0.015
2026-06-15,South India,Footwear,15685,0.026
2026-06-16,West India,Apparel,18025,0.045
2026-06-16,West India,Accessories,13835,0.027
2026-06-16,West India,Footwear,14542,0.035
2026-06-16,North India,Apparel,15966,0.032
2026-06-16,North India,Accessories,13537,0.058
2026-06-16,North India,Footwear,15202,0.036
2026-06-16,South India,Apparel,18912,0.014
2026-06-16,South India,Accessories,14944,0.013
2026-06-16,South India,Footwear,15368,0.035
2026-06-17,West India,Apparel,17404,0.014
2026-06-17,West India,Accessories,13563,0.039
2026-06-17,West India,Footwear,14368,0.029
2026-06-17,North India,Apparel,15105,0.021
2026-06-17,North India,Accessories,11511,0.06
2026-06-17,North India,Footwear,16977,0.059
2026-06-17,South India,Apparel,17436,0.014
2026-06-17,South India,Accessories,14320,0.022
2026-06-17,South India,Footwear,15017,0.015
2026-06-18,West India,Apparel,21522,0.027
2026-06-18,West India,Accessories,13192,0.046
2026-06-18,West India,Footwear,14260,0.053
2026-06-18,North India,Apparel,19697,0.037
2026-06-18,North India,Accessories,11805,0.035
2026-06-18,North India,Footwear,14559,0.018
2026-06-18,South India,Apparel,16114,0.023
2026-06-18,South India,Accessories,14029,0.056
2026-06-18,South India,Footwear,14913,0.038
2026-06-19,West India,Apparel,18958,0.023
2026-06-19,West India,Accessories,15423,0.014
2026-06-19,West India,Footwear,14357,0.021
2026-06-19,North India,Apparel,15502,0.026
2026-06-19,North India,Accessories,13997,0.05
2026-06-19,North India,Footwear,16155,0.043
2026-06-19,South India,Apparel,17283,0.034
2026-06-19,South India,Accessories,14111,0.036
2026-06-19,South India,Footwear,17112,0.042
2026-06-20,West India,Apparel,17561,0.016
2026-06-20,West India,Accessories,14627,0.026
2026-06-20,West India,Footwear,17803,0.029
2026-06-20,North India,Apparel,18226,0.032
2026-06-20,North India,Accessories,13141,0.017
2026-06-20,North India,Footwear,13986,0.034
2026-06-20,South India,Apparel,16909,0.022
2026-06-20,South India,Accessories,13628,0.046
2026-06-20,South India,Footwear,14369,0.043
2026-06-21,West India,Apparel,17094,0.032
2026-06-21,West India,Accessories,15908,0.052
2026-06-21,West India,Footwear,16870,0.058
2026-06-21,North India,Apparel,16183,0.05
2026-06-21,North India,Accessories,12149,0.045
2026-06-21,North India,Footwear,14115,0.039
2026-06-21,South India,Apparel,14873,0.049
2026-06-21,South India,Accessories,13855,0.045
2026-06-21,South India,Footwear,14481,0.019
2026-06-22,West India,Apparel,18450,0.042
2026-06-22,West India,Accessories,15257,0.019
2026-06-22,West India,Footwear,16624,0.03
2026-06-22,North India,Apparel,16028,0.039
2026-06-22,North India,Accessories,12348,0.033
2026-06-22,North India,Footwear,13514,0.024
2026-06-22,South India,Apparel,18627,0.025
2026-06-22,South India,Accessories,13908,0.056
2026-06-22,South India,Footwear,14926,0.041
2026-06-23,West India,Apparel,18866,0.019
2026-06-23,West India,Accessories,15565,0.048
2026-06-23,West India,Footwear,15358,0.019
2026-06-23,North India,Apparel,16834,0.026
2026-06-23,North India,Accessories,13488,0.041
2026-06-23,North India,Footwear,16548,0.055
2026-06-23,South India,Apparel,16567,0.043
2026-06-23,South India,Accessories,12688,0.025
2026-06-23,South India,Footwear,15742,0.015
2026-06-24,West India,Apparel,18989,0.046
2026-06-24,West India,Accessories,14596,0.036
2026-06-24,West India,Footwear,18155,0.051
2026-06-24,North India,Apparel,16076,0.035
2026-06-24,North India,Accessories,13406,0.023
2026-06-24,North India,Footwear,13238,0.053
2026-06-24,South India,Apparel,15793,0.034
2026-06-24,South India,Accessories,12899,0.05
2026-06-24,South India,Footwear,15093,0.029
2026-06-25,West India,Apparel,16237,0.018
2026-06-25,West India,Accessories,15076,0.034
2026-06-25,West India,Footwear,15260,0.055
2026-06-25,North India,Apparel,19402,0.041
2026-06-25,North India,Accessories,12467,0.036
2026-06-25,North India,Footwear,14959,0.011
2026-06-25,South India,Apparel,16957,0.053
2026-06-25,South India,Accessories,12552,0.05
2026-06-25,South India,Footwear,15097,0.036
2026-06-26,West India,Apparel,17745,0.029
2026-06-26,West India,Accessories,15424,0.023
2026-06-26,West India,Footwear,16717,0.045
2026-06-26,North India,Apparel,17255,0.031
2026-06-26,North India,Accessories,14114,0.034
2026-06-26,North India,Footwear,15549,0.01
2026-06-26,South India,Apparel,17333,0.014
2026-06-26,South India,Accessories,12890,0.02
2026-06-26,South India,Footwear,15522,0.024
2026-06-27,West India,Apparel,16813,0.03
2026-06-27,West India,Accessories,14291,0.022
2026-06-27,West India,Footwear,15915,0.03
2026-06-27,North India,Apparel,16288,0.033
2026-06-27,North India,Accessories,11916,0.045
2026-06-27,North India,Footwear,11746,0.025
2026-06-27,South India,Apparel,16461,0.038
2026-06-27,South India,Accessories,14805,0.059
2026-06-27,South India,Footwear,15395,0.055
2026-06-28,West India,Apparel,19477,0.016
2026-06-28,West India,Accessories,13457,0.034
2026-06-28,West India,Footwear,15628,0.05
2026-06-28,North India,Apparel,19505,0.017
2026-06-28,North India,Accessories,12391,0.035
2026-06-28,North India,Footwear,15505,0.046
2026-06-28,South India,Apparel,17748,0.052
2026-06-28,South India,Accessories,14074,0.036
2026-06-28,South India,Footwear,15991,0.054
2026-06-29,West India,Apparel,16879,0.015
2026-06-29,West India,Accessories,13994,0.05
2026-06-29,West India,Footwear,13065,0.041
2026-06-29,North India,Apparel,18438,0.048
2026-06-29,North India,Accessories,13790,0.013
2026-06-29,North India,Footwear,14086,0.02
2026-06-29,South India,Apparel,15900,0.028
2026-06-29,South India,Accessories,14826,0.016
2026-06-29,South India,Footwear,14435,0.019
2026-06-30,West India,Apparel,17070,0.014
2026-06-30,West India,Accessories,13248,0.044
2026-06-30,West India,Footwear,17167,0.011
2026-06-30,North India,Apparel,17833,0.018
2026-06-30,North India,Accessories,12974,0.054
2026-06-30,North India,Footwear,16058,0.019
2026-06-30,South India,Apparel,17475,0.023
2026-06-30,South India,Accessories,12454,0.012
2026-06-30,South India,Footwear,16992,0.049
2026-07-01,West India,Apparel,16546,0.019
2026-07-01,West India,Accessories,14231,0.053
2026-07-01,West India,Footwear,15926,0.043
2026-07-01,North India,Apparel,15997,0.051
2026-07-01,North India,Accessories,11255,0.035
2026-07-01,North India,Footwear,17219,0.023
2026-07-01,South India,Apparel,14642,0.011
2026-07-01,South India,Accessories,15182,0.05
2026-07-01,South India,Footwear,14273,0.017
2026-07-02,West India,Apparel,17194,0.037
2026-07-02,West India,Accessories,15941,0.014
2026-07-02,West India,Footwear,16790,0.033
2026-07-02,North India,Apparel,14747,0.024
2026-07-02,North India,Accessories,11779,0.054
2026-07-02,North India,Footwear,15211,0.051
2026-07-02,South India,Apparel,15607,0.036
2026-07-02,South India,Accessories,14147,0.051
2026-07-02,South India,Footwear,16043,0.048
2026-07-03,West India,Apparel,16925,0.053
2026-07-03,West India,Accessories,13811,0.012
2026-07-03,West India,Footwear,16636,0.053
2026-07-03,North India,Apparel,15462,0.045
2026-07-03,North India,Accessories,13283,0.028
2026-07-03,North India,Footwear,17648,0.016
2026-07-03,South India,Apparel,17522,0.018
2026-07-03,South India,Accessories,13200,0.021
2026-07-03,South India,Footwear,17896,0.04
2026-07-04,West India,Apparel,19183,0.013
2026-07-04,West India,Accessories,13244,0.039
2026-07-04,West India,Footwear,15107,0.03
2026-07-04,North India,Apparel,14336,0.039
2026-07-04,North India,Accessories,13536,0.044
2026-07-04,North India,Footwear,12486,0.046
2026-07-04,South India,Apparel,19883,0.028
2026-07-04,South India,Accessories,13320,0.016
2026-07-04,South India,Footwear,16386,0.027
2026-07-05,West India,Apparel,17505,0.041
2026-07-05,West India,Accessories,14746,0.05
2026-07-05,West India,Footwear,16027,0.051
2026-07-05,North India,Apparel,16567,0.041
2026-07-05,North India,Accessories,14477,0.049
2026-07-05,North India,Footwear,16892,0.03
2026-07-05,South India,Apparel,19207,0.038
2026-07-05,South India,Accessories,17158,0.013
2026-07-05,South India,Footwear,14456,0.038
2026-07-06,West India,Apparel,18572,0.047
2026-07-06,West India,Accessories,13630,0.056
2026-07-06,West India,Footwear,17706,0.057
2026-07-06,North India,Apparel,15231,0.034
2026-07-06,North India,Accessories,14498,0.014
2026-07-06,North India,Footwear,15092,0.011
2026-07-06,South India,Apparel,16892,0.051
2026-07-06,South India,Accessories,13633,0.016
2026-07-06,South India,Footwear,13927,0.022
2026-07-07,West India,Apparel,16490,0.057
2026-07-07,West India,Accessories,14655,0.054
2026-07-07,West India,Footwear,16479,0.052
2026-07-07,North India,Apparel,15671,0.013
2026-07-07,North India,Accessories,12917,0.013
2026-07-07,North India,Footwear,15423,0.045
2026-07-07,South India,Apparel,15924,0.026
2026-07-07,South India,Accessories,11709,0.047
2026-07-07,South India,Footwear,17149,0.037
2026-07-08,West India,Apparel,18420,0.059
2026-07-08,West India,Accessories,13862,0.034
2026-07-08,West India,Footwear,15330,0.017
2026-07-08,North India,Apparel,15444,0.024
2026-07-08,North India,Accessories,14422,0.036
2026-07-08,North India,Footwear,13339,0.04
2026-07-08,South India,Apparel,17536,0.046
2026-07-08,South India,Accessories,14028,0.055
2026-07-08,South India,Footwear,16237,0.036
2026-07-09,West India,Apparel,17455,0.021
2026-07-09,West India,Accessories,16022,0.052
2026-07-09,West India,Footwear,17234,0.025
2026-07-09,North India,Apparel,15958,0.046
2026-07-09,North India,Accessories,12445,0.02
2026-07-09,North India,Footwear,14695,0.036
2026-07-09,South India,Apparel,16399,0.028
2026-07-09,South India,Accessories,12658,0.019
2026-07-09,South India,Footwear,15391,0.018
2026-07-10,West India,Apparel,17623,0.05
2026-07-10,West India,Accessories,16332,0.011
2026-07-10,West India,Footwear,15625,0.033
2026-07-10,North India,Apparel,15546,0.056
2026-07-10,North India,Accessories,13210,0.054
2026-07-10,North India,Footwear,15158,0.029
2026-07-10,South India,Apparel,17457,0.047
2026-07-10,South India,Accessories,13955,0.023
2026-07-10,South India,Footwear,15353,0.011
2026-07-11,West India,Apparel,17958,0.036
2026-07-11,West India,Accessories,15106,0.019
2026-07-11,West India,Footwear,14971,0.021
2026-07-11,North India,Apparel,15555,0.029
2026-07-11,North India,Accessories,11620,0.017
2026-07-11,North India,Footwear,13741,0.011
2026-07-11,South India,Apparel,18421,0.055
2026-07-11,South India,Accessories,14218,0.029
2026-07-11,South India,Footwear,17548,0.038
2026-07-12,West India,Apparel,20201,0.022
2026-07-12,West India,Accessories,15065,0.025
2026-07-12,West India,Footwear,16396,0.026
2026-07-12,North India,Apparel,16538,0.056
2026-07-12,North India,Accessories,11047,0.033
2026-07-12,North India,Footwear,14753,0.034
2026-07-12,South India,Apparel,16237,0.011
2026-07-12,South India,Accessories,12627,0.059
2026-07-12,South India,Footwear,15798,0.043
2026-07-13,West India,Apparel,17712,0.027
2026-07-13,West India,Accessories,14502,0.039
2026-07-13,West India,Footwear,14868,0.051
2026-07-13,North India,Apparel,17613,0.031
2026-07-13,North India,Accessories,12727,0.058
2026-07-13,North India,Footwear,15268,0.018
2026-07-13,South India,Apparel,16497,0.043
2026-07-13,South India,Accessories,11221,0.022
2026-07-13,South India,Footwear,15848,0.024
2026-07-14,West India,Apparel,17802,0.012
2026-07-14,West India,Accessories,12608,0.043
2026-07-14,West India,Footwear,14727,0.022
2026-07-14,North India,Apparel,17655,0.059
2026-07-14,North India,Accessories,11601,0.042
2026-07-14,North India,Footwear,14288,0.022
2026-07-14,South India,Apparel,19644,0.024
2026-07-14,South India,Accessories,14116,0.016
2026-07-14,South India,Footwear,16184,0.037
2026-07-15,West India,Apparel,17591,0.053
2026-07-15,West India,Accessories,12523,0.015
2026-07-15,West India,Footwear,16436,0.028
2026-07-15,North India,Apparel,15080,0.035
2026-07-15,North India,Accessories,11973,0.049
2026-07-15,North India,Footwear,14928,0.033
2026-07-15,South India,Apparel,15620,0.033
2026-07-15,South India,Accessories,13547,0.03
2026-07-15,South India,Footwear,14460,0.019
2026-07-16,West India,Apparel,17881,0.026
2026-07-16,West India,Accessories,13785,0.036
2026-07-16,West India,Footwear,16128,0.016
2026-07-16,North India,Apparel,18385,0.025
2026-07-16,North India,Accessories,13988,0.025
2026-07-16,North India,Footwear,14654,0.022
2026-07-16,South India,Apparel,18680,0.031
2026-07-16,South India,Accessories,13999,0.053
2026-07-16,South India,Footwear,16715,0.038
2026-07-17,West India,Apparel,15952,0.044
2026-07-17,West India,Accessories,13243,0.038
2026-07-17,West India,Footwear,16421,0.026
2026-07-17,North India,Apparel,16250,0.034
2026-07-17,North India,Accessories,13143,0.015
2026-07-17,North India,Footwear,15478,0.053
2026-07-17,South India,Apparel,17245,0.028
2026-07-17,South India,Accessories,14522,0.011
2026-07-17,South India,Footwear,16301,0.035
2026-07-18,West India,Apparel,16614,0.024
2026-07-18,West India,Accessories,11913,0.023
2026-07-18,West India,Footwear,14877,0.024
2026-07-18,North India,Apparel,15077,0.044
2026-07-18,North India,Accessories,13220,0.044
2026-07-18,North India,Footwear,14858,0.047
2026-07-18,South India,Apparel,16664,0.046
2026-07-18,South India,Accessories,14041,0.045
2026-07-18,South India,Footwear,18322,0.022
2026-07-19,West India,Apparel,17614,0.051
2026-07-19,West India,Accessories,14644,0.043
2026-07-19,West India,Footwear,16130,0.012
2026-07-19,North India,Apparel,15685,0.039
2026-07-19,North India,Accessories,13768,0.054
2026-07-19,North India,Footwear,14475,0.028
2026-07-19,South India,Apparel,15888,0.02
2026-07-19,South India,Accessories,12783,0.014
2026-07-19,South India,Footwear,16385,0.014
2026-07-20,West India,Apparel,18738,0.05
2026-07-20,West India,Accessories,13804,0.059
2026-07-20,West India,Footwear,16704,0.048
2026-07-20,North India,Apparel,16444,0.056
2026-07-20,North India,Accessories,13442,0.054
2026-07-20,North India,Footwear,14088,0.035
2026-07-20,South India,Apparel,15571,0.02
2026-07-20,South India,Accessories,13251,0.059
2026-07-20,South India,Footwear,14194,0.019
2026-07-21,West India,Apparel,16603,0.03
2026-07-21,West India,Accessories,12818,0.056
2026-07-21,West India,Footwear,13410,0.043
2026-07-21,North India,Apparel,15839,0.026
2026-07-21,North India,Accessories,14346,0.021
2026-07-21,North India,Footwear,15796,0.059
2026-07-21,South India,Apparel,19178,0.025
2026-07-21,South India,Accessories,12503,0.033
2026-07-21,South India,Footwear,16041,0.024
2026-07-22,West India,Apparel,17756,0.037
2026-07-22,West India,Accessories,13537,0.036
2026-07-22,West India,Footwear,17437,0.057
2026-07-22,North India,Apparel,16289,0.055
2026-07-22,North India,Accessories,11363,0.041
2026-07-22,North India,Footwear,15782,0.027
2026-07-22,South India,Apparel,17432,0.023
2026-07-22,South India,Accessories,13681,0.032
2026-07-22,South India,Footwear,13846,0.024
2026-07-23,West India,Apparel,18271,0.013
2026-07-23,West India,Accessories,16049,0.044
2026-07-23,West India,Footwear,16576,0.021
2026-07-23,North India,Apparel,14521,0.01
2026-07-23,North India,Accessories,13586,0.012
2026-07-23,North India,Footwear,15207,0.06
2026-07-23,South India,Apparel,17939,0.021
2026-07-23,South India,Accessories,13896,0.033
2026-07-23,South India,Footwear,14116,0.05
2026-07-24,West India,Apparel,18030,0.016
2026-07-24,West India,Accessories,14050,0.054
2026-07-24,West India,Footwear,16377,0.015
2026-07-24,North India,Apparel,17813,0.018
2026-07-24,North India,Accessories,12472,0.056
2026-07-24,North India,Footwear,16965,0.014
2026-07-24,South India,Apparel,17489,0.03
2026-07-24,South India,Accessories,14461,0.027
2026-07-24,South India,Footwear,16088,0.025
2026-07-25,West India,Apparel,18458,0.024
2026-07-25,West India,Accessories,14977,0.017
2026-07-25,West India,Footwear,12217,0.017
2026-07-25,North India,Apparel,17347,0.054
2026-07-25,North India,Accessories,12251,0.012
2026-07-25,North India,Footwear,14728,0.047
2026-07-25,South India,Apparel,17423,0.033
2026-07-25,South India,Accessories,14736,0.046
2026-07-25,South India,Footwear,14200,0.022
2026-07-26,West India,Apparel,17312,0.053
2026-07-26,West India,Accessories,13993,0.043
2026-07-26,West India,Footwear,16392,0.034
2026-07-26,North India,Apparel,16110,0.049
2026-07-26,North India,Accessories,13734,0.032
2026-07-26,North India,Footwear,12822,0.029
2026-07-26,South India,Apparel,16755,0.025
2026-07-26,South India,Accessories,15281,0.031
2026-07-26,South India,Footwear,14941,0.027
2026-07-27,West India,Apparel,18523,0.022
2026-07-27,West India,Accessories,15400,0.055
2026-07-27,West India,Footwear,16628,0.02
2026-07-27,North India,Apparel,18995,0.04
2026-07-27,North India,Accessories,13246,0.017
2026-07-27,North India,Footwear,15512,0.037
2026-07-27,South India,Apparel,17257,0.041
2026-07-27,South India,Accessories,15011,0.027
2026-07-27,South India,Footwear,14771,0.023
2026-07-28,West India,Apparel,20867,0.031
2026-07-28,West India,Accessories,13632,0.056
2026-07-28,West India,Footwear,18349,0.022
2026-07-28,North India,Apparel,15176,0.047
2026-07-28,North India,Accessories,13823,0.012
2026-07-28,North India,Footwear,14800,0.042
2026-07-28,South India,Apparel,18150,0.021
2026-07-28,South India,Accessories,14022,0.024
2026-07-28,South India,Footwear,16263,0.012
2026-07-29,West India,Apparel,16511,0.041
2026-07-29,West India,Accessories,12596,0.016
2026-07-29,West India,Footwear,14673,0.036
2026-07-29,North India,Apparel,14916,0.034
2026-07-29,North India,Accessories,12097,0.037
2026-07-29,North India,Footwear,14130,0.059
2026-07-29,South India,Apparel,16165,0.057
2026-07-29,South India,Accessories,13579,0.035
2026-07-29,South India,Footwear,14277,0.035
2026-07-30,West India,Apparel,16898,0.024
2026-07-30,West India,Accessories,14127,0.038
2026-07-30,West India,Footwear,17485,0.045
2026-07-30,North India,Apparel,15908,0.03
2026-07-30,North India,Accessories,13111,0.032
2026-07-30,North India,Footwear,14933,0.014
2026-07-30,South India,Apparel,15714,0.014
2026-07-30,South India,Accessories,13209,0.043
2026-07-30,South India,Footwear,14449,0.06
2026-07-31,West India,Apparel,19275,0.039
2026-07-31,West India,Accessories,15316,0.053
2026-07-31,West India,Footwear,15180,0.047
2026-07-31,North India,Apparel,16364,0.044
2026-07-31,North India,Accessories,13789,0.011
2026-07-31,North India,Footwear,15177,0.058
2026-07-31,South India,Apparel,17519,0.019
2026-07-31,South India,Accessories,12577,0.034
2026-07-31,South India,Footwear,17275,0.048
2026-08-01,West India,Apparel,17102,0.02
2026-08-01,West India,Accessories,13652,0.033
2026-08-01,West India,Footwear,14537,0.046
2026-08-01,North India,Apparel,16242,0.04
2026-08-01,North India,Accessories,14369,0.039
2026-08-01,North India,Footwear,15165,0.044
2026-08-01,South India,Apparel,16835,0.057
2026-08-01,South India,Accessories,14379,0.011
2026-08-01,South India,Footwear,16620,0.035
2026-08-02,West India,Apparel,19141,0.038
2026-08-02,West India,Accessories,12311,0.024
2026-08-02,West India,Footwear,17140,0.045
2026-08-02,North India,Apparel,17057,0.03
2026-08-02,North India,Accessories,12348,0.031
2026-08-02,North India,Footwear,15356,0.055
2026-08-02,South India,Apparel,18508,0.025
2026-08-02,South India,Accessories,12965,0.047
2026-08-02,South India,Footwear,16363,0.051
2026-08-03,West India,Apparel,18413,0.011
2026-08-03,West India,Accessories,11237,0.018
2026-08-03,West India,Footwear,16134,0.031
2026-08-03,North India,Apparel,16826,0.031
2026-08-03,North India,Accessories,12860,0.025
2026-08-03,North India,Footwear,15235,0.043
2026-08-03,South India,Apparel,16787,0.049
2026-08-03,South India,Accessories,16039,0.047
2026-08-03,South India,Footwear,14824,0.016
2026-08-04,West India,Apparel,16875,0.057
2026-08-04,West India,Accessories,15336,0.042
2026-08-04,West India,Footwear,15849,0.024
2026-08-04,North India,Apparel,16361,0.054
2026-08-04,North India,Accessories,13001,0.049
2026-08-04,North India,Footwear,15744,0.016
2026-08-04,South India,Apparel,15571,0.022
2026-08-04,South India,Accessories,14542,0.042
2026-08-04,South India,Footwear,15918,0.022
2026-08-05,West India,Apparel,20570,0.039
2026-08-05,West India,Accessories,14593,0.038
2026-08-05,West India,Footwear,14920,0.044
2026-08-05,North India,Apparel,16736,0.028
2026-08-05,North India,Accessories,13517,0.04
2026-08-05,North India,Footwear,16282,0.027
2026-08-05,South India,Apparel,15654,0.052
2026-08-05,South India,Accessories,11970,0.045
2026-08-05,South India,Footwear,15544,0.06
2026-08-06,West India,Apparel,20647,0.024
2026-08-06,West India,Accessories,15153,0.023
2026-08-06,West India,Footwear,17126,0.034
2026-08-06,North India,Apparel,14776,0.035
2026-08-06,North India,Accessories,13233,0.05
2026-08-06,North India,Footwear,16308,0.024
2026-08-06,South India,Apparel,17425,0.054
2026-08-06,South India,Accessories,11906,0.039
2026-08-06,South India,Footwear,15314,0.016
2026-08-07,West India,Apparel,18834,0.021
2026-08-07,West India,Accessories,10816,0.033
2026-08-07,West India,Footwear,16075,0.057
2026-08-07,North India,Apparel,15337,0.051
2026-08-07,North India,Accessories,14093,0.056
2026-08-07,North India,Footwear,14343,0.029
2026-08-07,South India,Apparel,17555,0.024
2026-08-07,South India,Accessories,13584,0.034
2026-08-07,South India,Footwear,14734,0.021
2026-08-08,West India,Apparel,20846,0.046
2026-08-08,West India,Accessories,13745,0.048
2026-08-08,West India,Footwear,16287,0.049
2026-08-08,North India,Apparel,16476,0.042
2026-08-08,North India,Accessories,13384,0.028
2026-08-08,North India,Footwear,17084,0.042
2026-08-08,South India,Apparel,17789,0.053
2026-08-08,South India,Accessories,13087,0.04
2026-08-08,South India,Footwear,17098,0.037
2026-08-09,West India,Apparel,19091,0.04
2026-08-09,West India,Accessories,13878,0.043
2026-08-09,West India,Footwear,17863,0.021
2026-08-09,North India,Apparel,14763,0.022
2026-08-09,North India,Accessories,12051,0.021
2026-08-09,North India,Footwear,12931,0.053
2026-08-09,South India,Apparel,14259,0.028
2026-08-09,South India,Accessories,14906,0.018
2026-08-09,South India,Footwear,15529,0.034
2026-08-10,West India,Apparel,15788,0.022
2026-08-10,West India,Accessories,14350,0.029
2026-08-10,West India,Footwear,17369,0.012
2026-08-10,North India,Apparel,15526,0.041
2026-08-10,North India,Accessories,12860,0.026
2026-08-10,North India,Footwear,17270,0.039
2026-08-10,South India,Apparel,16680,0.033
2026-08-10,South India,Accessories,12005,0.051
2026-08-10,South India,Footwear,14652,0.056
2026-08-11,West India,Apparel,15701,0.026
2026-08-11,West India,Accessories,15167,0.025
2026-08-11,West India,Footwear,15071,0.042
2026-08-11,North India,Apparel,15312,0.056
2026-08-11,North India,Accessories,15474,0.01
2026-08-11,North India,Footwear,13439,0.045
2026-08-11,South India,Apparel,15161,0.04
2026-08-11,South India,Accessories,12467,0.018
2026-08-11,South India,Footwear,16446,0.028
2026-08-12,West India,Apparel,18753,0.021
2026-08-12,West India,Accessories,13776,0.048
2026-08-12,West India,Footwear,15385,0.012
2026-08-12,North India,Apparel,17082,0.049
2026-08-12,North India,Accessories,13438,0.045
2026-08-12,North India,Footwear,14645,0.022
2026-08-12,South India,Apparel,17760,0.02
2026-08-12,South India,Accessories,12400,0.02
2026-08-12,South India,Footwear,14253,0.035
2026-08-13,West India,Apparel,18885,0.04
2026-08-13,West India,Accessories,14755,0.056
2026-08-13,West India,Footwear,13501,0.054
2026-08-13,North India,Apparel,16534,0.042
2026-08-13,North India,Accessories,15424,0.032
2026-08-13,North India,Footwear,15782,0.04
2026-08-13,South India,Apparel,16302,0.01
2026-08-13,South India,Accessories,12756,0.012
2026-08-13,South India,Footwear,15736,0.041
2026-08-14,West India,Apparel,19723,0.055
2026-08-14,West India,Accessories,12408,0.054
2026-08-14,West India,Footwear,16564,0.022
2026-08-14,North India,Apparel,16054,0.026
2026-08-14,North India,Accessories,13397,0.022
2026-08-14,North India,Footwear,13168,0.021
2026-08-14,South India,Apparel,18626,0.018
2026-08-14,South India,Accessories,15227,0.021
2026-08-14,South India,Footwear,16136,0.038
2026-08-15,West India,Apparel,20493,0.051
2026-08-15,West India,Accessories,13955,0.037
2026-08-15,West India,Footwear,16532,0.04
2026-08-15,North India,Apparel,17423,0.018
2026-08-15,North India,Accessories,13591,0.025
2026-08-15,North India,Footwear,14535,0.056
2026-08-15,South India,Apparel,16780,0.041
2026-08-15,South India,Accessories,15106,0.024
2026-08-15,South India,Footwear,15269,0.025
2026-08-16,West India,Apparel,19627,0.033
2026-08-16,West India,Accessories,14310,0.059
2026-08-16,West India,Footwear,17655,0.034
2026-08-16,North India,Apparel,16605,0.027
2026-08-16,North India,Accessories,13842,0.019
2026-08-16,North India,Footwear,14061,0.031
2026-08-16,South India,Apparel,17346,0.057
2026-08-16,South India,Accessories,12893,0.049
2026-08-16,South India,Footwear,14798,0.057
2026-08-17,West India,Apparel,14367,0.151
2026-08-17,West India,Accessories,11639,0.147
2026-08-17,West India,Footwear,14335,0.18
2026-08-17,North India,Apparel,15910,0.044
2026-08-17,North India,Accessories,13356,0.051
2026-08-17,North India,Footwear,16188,0.038
2026-08-17,South India,Apparel,17797,0.011
2026-08-17,South India,Accessories,11737,0.051
2026-08-17,South India,Footwear,13538,0.018
2026-08-18,West India,Apparel,15220,0.155
2026-08-18,West India,Accessories,11340,0.139
2026-08-18,West India,Footwear,11625,0.168
2026-08-18,North India,Apparel,15755,0.016
2026-08-18,North India,Accessories,13652,0.04
2026-08-18,North India,Footwear,14442,0.013
2026-08-18,South India,Apparel,17067,0.041
2026-08-18,South India,Accessories,13319,0.032
2026-08-18,South India,Footwear,14447,0.038
2026-08-19,West India,Apparel,15037,0.152
2026-08-19,West India,Accessories,10247,0.176
2026-08-19,West India,Footwear,12417,0.145
2026-08-19,North India,Apparel,17530,0.021
2026-08-19,North India,Accessories,11709,0.054
2026-08-19,North India,Footwear,14849,0.013
2026-08-19,South India,Apparel,16429,0.021
2026-08-19,South India,Accessories,13044,0.041
2026-08-19,South India,Footwear,16381,0.026
2026-08-20,West India,Apparel,16051,0.147
2026-08-20,West India,Accessories,10822,0.175
2026-08-20,West India,Footwear,10495,0.175
2026-08-20,North India,Apparel,16275,0.043
2026-08-20,North India,Accessories,11208,0.034
2026-08-20,North India,Footwear,15824,0.013
2026-08-20,South India,Apparel,16928,0.026
2026-08-20,South India,Accessories,11999,0.033
2026-08-20,South India,Footwear,14356,0.06
2026-08-21,West India,Apparel,13432,0.136
2026-08-21,West India,Accessories,11029,0.162
2026-08-21,West India,Footwear,11362,0.148
2026-08-21,North India,Apparel,18311,0.016
2026-08-21,North India,Accessories,12134,0.046
2026-08-21,North India,Footwear,14846,0.052
2026-08-21,South India,Apparel,17570,0.019
2026-08-21,South India,Accessories,14791,0.02
2026-08-21,South India,Footwear,15338,0.035
2026-08-22,West India,Apparel,14437,0.163
2026-08-22,West India,Accessories,11876,0.13
2026-08-22,West India,Footwear,12169,0.133
2026-08-22,North India,Apparel,15211,0.011
2026-08-22,North India,Accessories,12888,0.055
2026-08-22,North India,Footwear,12332,0.04
2026-08-22,South India,Apparel,16079,0.016
2026-08-22,South India,Accessories,13079,0.054
2026-08-22,South India,Footwear,17642,0.032
2026-08-23,West India,Apparel,16222,0.168
2026-08-23,West India,Accessories,12200,0.143
2026-08-23,West India,Footwear,14185,0.139
2026-08-23,North India,Apparel,15201,0.019
2026-08-23,North India,Accessories,13305,0.013
2026-08-23,North India,Footwear,15693,0.014
2026-08-23,South India,Apparel,15672,0.033
2026-08-23,South India,Accessories,12037,0.058
2026-08-23,South India,Footwear,15672,0.03
