date,region,category,orders,units,revenue
2026-05-01,West India,Apparel,167,288,360071.49
2026-05-01,West India,Accessories,121,216,228160.13
2026-05-01,West India,Footwear,114,155,279135.42
2026-05-01,North India,Apparel,140,246,293789.56
2026-05-01,North India,Accessories,76,115,188189.16
2026-05-01,North India,Footwear,102,135,229104.2
2026-05-01,South India,Apparel,143,240,330503.1
2026-05-01,South India,Accessories,75,130,194061.77
2026-05-01,South India,Footwear,125,191,246353.41
2026-05-02,West India,Apparel,199,326,384260.09
2026-05-02,West India,Accessories,98,143,252864.99
2026-05-02,West India,Footwear,132,184,287508.76
2026-05-02,North India,Apparel,147,207,321210.01
2026-05-02,North India,Accessories,95,163,204500.59
2026-05-02,North India,Footwear,117,200,241235.65
2026-05-02,South India,Apparel,163,235,344241.18
2026-05-02,South India,Accessories,114,159,218166.39
2026-05-02,South India,Footwear,109,177,266973.88
2026-05-03,West India,Apparel,146,223,356147.68
2026-05-03,West India,Accessories,118,160,227475.41
2026-05-03,West India,Footwear,130,205,283853.52
2026-05-03,North India,Apparel,136,214,315255.46
2026-05-03,North India,Accessories,99,130,202699.76
2026-05-03,North India,Footwear,124,186,244789.21
2026-05-03,South India,Apparel,162,215,322678.17
2026-05-03,South India,Accessories,104,169,213054.31
2026-05-03,South India,Footwear,106,173,259512.22
2026-05-04,West India,Apparel,131,181,322549.33
2026-05-04,West India,Accessories,106,176,199600.55
2026-05-04,West India,Footwear,134,207,258677.29
2026-05-04,North India,Apparel,119,181,281831.52
2026-05-04,North India,Accessories,83,134,171251.73
2026-05-04,North India,Footwear,108,146,203423.41
2026-05-04,South India,Apparel,112,184,283228.62
2026-05-04,South India,Accessories,69,116,179544.28
2026-05-04,South India,Footwear,108,155,234816.86
2026-05-05,West India,Apparel,132,201,333412.8
2026-05-05,West India,Accessories,98,155,200898.71
2026-05-05,West India,Footwear,105,176,263412.6
2026-05-05,North India,Apparel,134,216,287715.59
2026-05-05,North India,Accessories,82,110,191941.36
2026-05-05,North India,Footwear,125,193,230090.4
2026-05-05,South India,Apparel,166,224,319464.73
2026-05-05,South India,Accessories,95,167,184436.3
2026-05-05,South India,Footwear,114,181,238802.86
2026-05-06,West India,Apparel,137,211,353622.55
2026-05-06,West India,Accessories,119,183,223389.24
2026-05-06,West India,Footwear,120,190,306338.35
2026-05-06,North India,Apparel,139,203,280329.81
2026-05-06,North India,Accessories,86,112,185089.47
2026-05-06,North India,Footwear,97,132,245105.36
2026-05-06,South India,Apparel,163,266,309128.37
2026-05-06,South India,Accessories,83,139,198493.79
2026-05-06,South India,Footwear,102,144,258794.42
2026-05-07,West India,Apparel,152,225,341583.73
2026-05-07,West India,Accessories,87,126,212884.54
2026-05-07,West India,Footwear,140,218,284740.73
2026-05-07,North India,Apparel,117,161,300067.96
2026-05-07,North India,Accessories,85,152,183341.09
2026-05-07,North India,Footwear,98,171,235803.24
2026-05-07,South India,Apparel,143,208,316851.79
2026-05-07,South India,Accessories,85,126,198781.92
2026-05-07,South India,Footwear,105,150,251899.13
2026-05-08,West India,Apparel,176,239,351644.26
2026-05-08,West India,Accessories,125,173,241522.99
2026-05-08,West India,Footwear,120,167,301221.5
2026-05-08,North India,Apparel,124,221,302501.64
2026-05-08,North India,Accessories,101,132,193579.42
2026-05-08,North India,Footwear,134,219,255578.23
2026-05-08,South India,Apparel,139,228,306924.17
2026-05-08,South India,Accessories,100,170,196258.08
2026-05-08,South India,Footwear,111,151,266174.88
2026-05-09,West India,Apparel,186,287,380968.62
2026-05-09,West India,Accessories,95,137,244797.48
2026-05-09,West India,Footwear,162,255,294915.02
2026-05-09,North India,Apparel,175,239,331441.16
2026-05-09,North India,Accessories,80,127,205862.75
2026-05-09,North India,Footwear,102,156,249263.2
2026-05-09,South India,Apparel,188,254,341571.22
2026-05-09,South India,Accessories,86,121,210726.84
2026-05-09,South India,Footwear,118,204,270501.25
2026-05-10,West India,Apparel,191,284,408726.35
2026-05-10,West India,Accessories,105,182,244460.34
2026-05-10,West India,Footwear,140,198,280713.5
2026-05-10,North India,Apparel,126,170,310084.57
2026-05-10,North India,Accessories,84,115,191729.15
2026-05-10,North India,Footwear,130,178,266739.38
2026-05-10,South India,Apparel,181,261,350720.8
2026-05-10,South India,Accessories,111,145,210696.05
2026-05-10,South India,Footwear,136,180,263833.58
2026-05-11,West India,Apparel,141,211,331461.41
2026-05-11,West India,Accessories,92,159,204658.5
2026-05-11,West India,Footwear,135,187,247918.98
2026-05-11,North India,Apparel,152,241,304466.94
2026-05-11,North India,Accessories,94,139,174164.76
2026-05-11,North India,Footwear,115,197,218167.03
2026-05-11,South India,Apparel,116,156,296170.68
2026-05-11,South India,Accessories,74,132,187858.79
2026-05-11,South India,Footwear,92,149,225130.29
2026-05-12,West India,Apparel,177,277,337681.66
2026-05-12,West India,Accessories,85,130,212655.17
2026-05-12,West India,Footwear,114,163,263906.95
2026-05-12,North India,Apparel,131,197,286220.03
2026-05-12,North India,Accessories,91,134,190666.86
2026-05-12,North India,Footwear,106,174,223595.13
2026-05-12,South India,Apparel,118,207,303459.07
2026-05-12,South India,Accessories,97,152,201915.62
2026-05-12,South India,Footwear,109,185,254120.3
2026-05-13,West India,Apparel,149,215,345297.41
2026-05-13,West India,Accessories,114,187,223822.57
2026-05-13,West India,Footwear,117,157,270340.92
2026-05-13,North India,Apparel,168,297,315480.24
2026-05-13,North India,Accessories,71,120,183449.51
2026-05-13,North India,Footwear,100,169,243569.34
2026-05-13,South India,Apparel,151,240,302885.54
2026-05-13,South India,Accessories,82,113,190123.49
2026-05-13,South India,Footwear,112,171,254845.69
2026-05-14,West India,Apparel,143,243,346479.69
2026-05-14,West India,Accessories,98,173,224576.68
2026-05-14,West India,Footwear,144,193,272935.93
2026-05-14,North India,Apparel,138,232,295160.37
2026-05-14,North India,Accessories,89,155,185815.94
2026-05-14,North India,Footwear,113,167,229159.43
2026-05-14,South India,Apparel,159,218,306951.67
2026-05-14,South India,Accessories,92,137,197992.05
2026-05-14,South India,Footwear,112,198,253143.68
2026-05-15,West India,Apparel,162,241,355835.19
2026-05-15,West India,Accessories,96,170,229256.25
2026-05-15,West India,Footwear,113,182,280945.01
2026-05-15,North India,Apparel,122,200,279272.97
2026-05-15,North India,Accessories,86,147,186909.75
2026-05-15,North India,Footwear,103,156,223997.62
2026-05-15,South India,Apparel,127,214,322893.16
2026-05-15,South India,Accessories,72,125,187411.07
2026-05-15,South India,Footwear,98,132,243944.32
2026-05-16,West India,Apparel,198,346,372019.85
2026-05-16,West India,Accessories,117,160,233800.2
2026-05-16,West India,Footwear,148,259,290767.11
2026-05-16,North India,Apparel,175,227,320434.53
2026-05-16,North India,Accessories,87,147,200775.1
2026-05-16,North India,Footwear,93,123,232727.83
2026-05-16,South India,Apparel,134,225,341945.71
2026-05-16,South India,Accessories,86,113,214463.17
2026-05-16,South India,Footwear,133,206,252901.06
2026-05-17,West India,Apparel,163,281,377789.6
2026-05-17,West India,Accessories,91,127,218982.24
2026-05-17,West India,Footwear,117,209,277821.49
2026-05-17,North India,Apparel,158,254,291764.02
2026-05-17,North India,Accessories,77,127,193247.75
2026-05-17,North India,Footwear,131,182,246914.8
2026-05-17,South India,Apparel,144,243,312476.46
2026-05-17,South India,Accessories,88,120,199938.14
2026-05-17,South India,Footwear,129,204,264916.51
2026-05-18,West India,Apparel,138,244,320771.67
2026-05-18,West India,Accessories,88,132,194289.76
2026-05-18,West India,Footwear,135,184,257662.63
2026-05-18,North India,Apparel,129,195,264311.83
2026-05-18,North India,Accessories,71,106,164859.37
2026-05-18,North India,Footwear,100,159,199033.96
2026-05-18,South India,Apparel,146,220,267415.4
2026-05-18,South India,Accessories,93,147,184244.65
2026-05-18,South India,Footwear,93,151,219715.15
2026-05-19,West India,Apparel,158,267,325522.6
2026-05-19,West India,Accessories,96,154,207989.78
2026-05-19,West India,Footwear,124,206,275207.44
2026-05-19,North India,Apparel,108,167,275791.62
2026-05-19,North India,Accessories,69,100,169428.26
2026-05-19,North India,Footwear,94,127,208039.75
2026-05-19,South India,Apparel,120,159,297863.16
2026-05-19,South India,Accessories,86,119,178662.92
2026-05-19,South India,Footwear,97,126,234478.53
2026-05-20,West India,Apparel,124,184,308345.71
2026-05-20,West India,Accessories,92,125,211931.14
2026-05-20,West India,Footwear,90,161,231699.16
2026-05-20,North India,Apparel,139,228,286012.04
2026-05-20,North India,Accessories,78,126,165126.06
2026-05-20,North India,Footwear,111,173,219082.46
2026-05-20,South India,Apparel,157,269,305273.49
2026-05-20,South India,Accessories,87,149,195487.62
2026-05-20,South India,Footwear,127,193,243548.75
2026-05-21,West India,Apparel,172,288,321999.79
2026-05-21,West India,Accessories,94,129,204613.43
2026-05-21,West India,Footwear,97,128,246708.02
2026-05-21,North India,Apparel,129,199,262770.63
2026-05-21,North India,Accessories,81,108,179288.03
2026-05-21,North India,Footwear,82,132,204044.97
2026-05-21,South India,Apparel,125,210,292512.57
2026-05-21,South India,Accessories,87,136,183801.78
2026-05-21,South India,Footwear,94,144,234925.26
2026-05-22,West India,Apparel,138,214,342797.3
2026-05-22,West India,Accessories,91,156,208091.16
2026-05-22,West India,Footwear,115,180,253109.75
2026-05-22,North India,Apparel,131,230,279414.73
2026-05-22,North India,Accessories,92,135,179119.25
2026-05-22,North India,Footwear,126,222,230762.28
2026-05-22,South India,Apparel,152,243,311210.86
2026-05-22,South India,Accessories,93,153,188866.36
2026-05-22,South India,Footwear,92,148,239755.29
2026-05-23,West India,Apparel,155,271,374139.66
2026-05-23,West India,Accessories,79,133,203511.8
2026-05-23,West India,Footwear,142,236,269123.32
2026-05-23,North India,Apparel,130,211,292161.14
2026-05-23,North India,Accessories,77,111,199572.93
2026-05-23,North India,Footwear,105,154,252824.04
2026-05-23,South India,Apparel,165,278,303981.67
2026-05-23,South India,Accessories,75,114,196388.13
2026-05-23,South India,Footwear,110,186,236020.54
2026-05-24,West India,Apparel,164,278,368451.05
2026-05-24,West India,Accessories,90,118,222826.87
2026-05-24,West India,Footwear,140,189,258888.96
2026-05-24,North India,Apparel,127,214,302279.0
2026-05-24,North India,Accessories,75,127,180634.66
2026-05-24,North India,Footwear,118,190,235829.74
2026-05-24,South India,Apparel,173,269,312550.14
2026-05-24,South India,Accessories,105,157,192547.94
2026-05-24,South India,Footwear,104,147,244040.55
2026-05-25,West India,Apparel,134,231,279881.72
2026-05-25,West India,Accessories,82,122,186843.74
2026-05-25,West India,Footwear,94,131,236054.99
2026-05-25,North India,Apparel,127,210,265113.27
2026-05-25,North India,Accessories,63,91,165044.8
2026-05-25,North India,Footwear,104,165,200284.24
2026-05-25,South India,Apparel,122,214,258461.88
2026-05-25,South India,Accessories,95,140,181610.93
2026-05-25,South India,Footwear,105,137,206309.13
2026-05-26,West India,Apparel,135,198,313587.24
2026-05-26,West India,Accessories,77,129,198250.86
2026-05-26,West India,Footwear,120,209,244303.35
2026-05-26,North India,Apparel,125,219,258499.43
2026-05-26,North India,Accessories,69,110,167326.52
2026-05-26,North India,Footwear,106,150,216474.75
2026-05-26,South India,Apparel,155,269,299597.37
2026-05-26,South India,Accessories,81,137,182903.5
2026-05-26,South India,Footwear,104,159,225717.66
2026-05-27,West India,Apparel,149,254,349949.0
2026-05-27,West India,Accessories,84,116,204218.14
2026-05-27,West India,Footwear,142,230,268741.56
2026-05-27,North India,Apparel,127,192,280735.22
2026-05-27,North India,Accessories,71,95,182569.99
2026-05-27,North India,Footwear,108,143,216191.11
2026-05-27,South India,Apparel,131,190,292070.26
2026-05-27,South India,Accessories,98,146,185471.11
2026-05-27,South India,Footwear,103,144,243995.71
2026-05-28,West India,Apparel,161,242,341006.98
2026-05-28,West India,Accessories,109,188,207271.35
2026-05-28,West India,Footwear,118,182,260774.99
2026-05-28,North India,Apparel,125,211,268740.84
2026-05-28,North India,Accessories,84,122,169958.11
2026-05-28,North India,Footwear,93,152,204050.96
2026-05-28,South India,Apparel,153,270,316416.16
2026-05-28,South India,Accessories,82,135,179185.63
2026-05-28,South India,Footwear,128,175,235275.7
2026-05-29,West India,Apparel,195,271,353805.95
2026-05-29,West India,Accessories,118,189,223380.95
2026-05-29,West India,Footwear,125,199,282890.46
2026-05-29,North India,Apparel,154,265,278448.24
2026-05-29,North India,Accessories,101,170,196276.0
2026-05-29,North India,Footwear,112,197,225049.82
2026-05-29,South India,Apparel,133,238,304151.61
2026-05-29,South India,Accessories,82,119,203294.55
2026-05-29,South India,Footwear,110,154,251483.86
2026-05-30,West India,Apparel,185,247,381635.52
2026-05-30,West India,Accessories,112,146,234227.53
2026-05-30,West India,Footwear,119,196,285531.29
2026-05-30,North India,Apparel,163,284,336536.71
2026-05-30,North India,Accessories,108,148,206047.25
2026-05-30,North India,Footwear,122,189,238047.04
2026-05-30,South India,Apparel,177,231,320680.81
2026-05-30,South India,Accessories,97,132,221426.38
2026-05-30,South India,Footwear,105,164,264362.08
2026-05-31,West India,Apparel,176,233,355709.36
2026-05-31,West India,Accessories,107,174,219192.86
2026-05-31,West India,Footwear,148,236,270344.83
2026-05-31,North India,Apparel,130,185,325909.09
2026-05-31,North India,Accessories,84,125,189077.64
2026-05-31,North India,Footwear,104,164,248375.68
2026-05-31,South India,Apparel,128,193,331204.49
2026-05-31,South India,Accessories,114,193,207870.08
2026-05-31,South India,Footwear,123,165,261837.84
2026-06-01,West India,Apparel,153,251,325326.76
2026-06-01,West India,Accessories,78,108,201435.48
2026-06-01,West India,Footwear,106,186,263650.36
2026-06-01,North India,Apparel,120,200,262419.99
2026-06-01,North India,Accessories,80,124,169771.23
2026-06-01,North India,Footwear,93,157,222433.1
2026-06-01,South India,Apparel,162,283,305465.55
2026-06-01,South India,Accessories,71,95,174842.8
2026-06-01,South India,Footwear,99,129,237203.95
2026-06-02,West India,Apparel,173,287,363918.73
2026-06-02,West India,Accessories,99,144,210834.96
2026-06-02,West India,Footwear,130,195,295720.66
2026-06-02,North India,Apparel,117,179,299830.05
2026-06-02,North India,Accessories,88,131,185514.57
2026-06-02,North India,Footwear,117,192,226306.74
2026-06-02,South India,Apparel,111,157,286237.09
2026-06-02,South India,Accessories,75,130,180763.0
2026-06-02,South India,Footwear,119,165,233688.31
2026-06-03,West India,Apparel,160,228,348503.72
2026-06-03,West India,Accessories,101,179,221333.69
2026-06-03,West India,Footwear,125,169,276368.64
2026-06-03,North India,Apparel,147,247,300378.74
2026-06-03,North India,Accessories,73,130,186132.68
2026-06-03,North India,Footwear,87,116,225281.11
2026-06-03,South India,Apparel,157,247,321402.79
2026-06-03,South India,Accessories,72,115,180001.58
2026-06-03,South India,Footwear,125,178,243339.82
2026-06-04,West India,Apparel,140,222,347939.65
2026-06-04,West India,Accessories,103,153,211519.75
2026-06-04,West India,Footwear,115,193,278129.22
2026-06-04,North India,Apparel,123,167,315633.19
2026-06-04,North India,Accessories,97,138,183924.26
2026-06-04,North India,Footwear,115,173,224443.38
2026-06-04,South India,Apparel,161,266,322756.56
2026-06-04,South India,Accessories,81,119,204244.43
2026-06-04,South India,Footwear,125,177,251523.94
2026-06-05,West India,Apparel,142,247,362693.93
2026-06-05,West India,Accessories,100,154,222852.28
2026-06-05,West India,Footwear,127,192,284385.05
2026-06-05,North India,Apparel,164,291,312584.84
2026-06-05,North India,Accessories,78,107,201173.89
2026-06-05,North India,Footwear,126,179,248189.42
2026-06-05,South India,Apparel,179,314,340960.99
2026-06-05,South India,Accessories,92,140,211009.75
2026-06-05,South India,Footwear,116,161,260083.61
2026-06-06,West India,Apparel,141,235,348368.43
2026-06-06,West India,Accessories,117,205,226156.83
2026-06-06,West India,Footwear,157,230,290465.41
2026-06-06,North India,Apparel,141,236,324367.31
2026-06-06,North India,Accessories,105,184,207494.99
2026-06-06,North India,Footwear,107,139,248337.62
2026-06-06,South India,Apparel,164,218,332678.55
2026-06-06,South India,Accessories,117,161,223614.94
2026-06-06,South India,Footwear,128,225,271493.04
2026-06-07,West India,Apparel,154,235,367912.97
2026-06-07,West India,Accessories,102,156,232965.51
2026-06-07,West India,Footwear,145,201,302200.18
2026-06-07,North India,Apparel,134,176,332408.23
2026-06-07,North India,Accessories,75,125,191045.21
2026-06-07,North India,Footwear,116,189,258117.07
2026-06-07,South India,Apparel,138,204,353582.6
2026-06-07,South India,Accessories,104,164,222529.06
2026-06-07,South India,Footwear,124,217,274822.72
2026-06-08,West India,Apparel,145,213,338190.64
2026-06-08,West India,Accessories,93,126,200845.83
2026-06-08,West India,Footwear,111,180,259449.44
2026-06-08,North India,Apparel,157,229,286801.89
2026-06-08,North India,Accessories,75,129,181976.82
2026-06-08,North India,Footwear,89,121,209965.59
2026-06-08,South India,Apparel,153,220,293006.47
2026-06-08,South India,Accessories,73,102,185603.99
2026-06-08,South India,Footwear,99,175,235733.0
2026-06-09,West India,Apparel,158,254,318563.43
2026-06-09,West India,Accessories,85,127,221650.47
2026-06-09,West India,Footwear,145,217,264295.65
2026-06-09,North India,Apparel,128,194,293134.0
2026-06-09,North India,Accessories,75,109,186877.12
2026-06-09,North India,Footwear,107,172,236449.69
2026-06-09,South India,Apparel,151,265,302110.63
2026-06-09,South India,Accessories,79,141,196097.88
2026-06-09,South India,Footwear,96,161,231583.72
2026-06-10,West India,Apparel,177,251,383794.92
2026-06-10,West India,Accessories,108,154,220343.86
2026-06-10,West India,Footwear,131,184,280052.9
2026-06-10,North India,Apparel,118,163,295707.24
2026-06-10,North India,Accessories,89,151,185922.25
2026-06-10,North India,Footwear,128,215,246252.12
2026-06-10,South India,Apparel,144,259,305772.36
2026-06-10,South India,Accessories,99,149,190971.79
2026-06-10,South India,Footwear,107,191,272586.6
2026-06-11,West India,Apparel,183,310,350962.73
2026-06-11,West India,Accessories,86,140,216223.77
2026-06-11,West India,Footwear,104,144,258152.86
2026-06-11,North India,Apparel,130,201,292930.17
2026-06-11,North India,Accessories,81,145,188495.24
2026-06-11,North India,Footwear,128,212,240622.5
2026-06-11,South India,Apparel,157,240,323867.6
2026-06-11,South India,Accessories,107,175,198354.2
2026-06-11,South India,Footwear,96,164,234909.24
2026-06-12,West India,Apparel,163,238,349095.46
2026-06-12,West India,Accessories,95,146,234220.69
2026-06-12,West India,Footwear,145,252,277726.87
2026-06-12,North India,Apparel,165,258,317330.35
2026-06-12,North India,Accessories,99,128,182688.21
2026-06-12,North India,Footwear,95,125,231823.47
2026-06-12,South India,Apparel,130,179,320117.94
2026-06-12,South India,Accessories,79,135,198657.28
2026-06-12,South India,Footwear,101,135,249754.48
2026-06-13,West India,Apparel,156,222,374265.04
2026-06-13,West India,Accessories,106,177,233695.76
2026-06-13,West India,Footwear,148,208,311285.4
2026-06-13,North India,Apparel,130,176,313889.44
2026-06-13,North India,Accessories,103,142,201667.74
2026-06-13,North India,Footwear,122,219,258577.5
2026-06-13,South India,Apparel,147,224,342027.31
2026-06-13,South India,Accessories,84,150,210865.7
2026-06-13,South India,Footwear,123,173,241591.25
2026-06-14,West India,Apparel,178,296,362004.82
2026-06-14,West India,Accessories,97,166,219494.76
2026-06-14,West India,Footwear,166,219,304035.44
2026-06-14,North India,Apparel,136,194,299130.77
2026-06-14,North India,Accessories,77,131,186484.69
2026-06-14,North India,Footwear,112,160,236616.74
2026-06-14,South India,Apparel,163,257,334821.8
2026-06-14,South India,Accessories,107,139,198869.68
2026-06-14,South India,Footwear,97,157,245000.13
2026-06-15,West India,Apparel,127,194,320770.32
2026-06-15,West India,Accessories,79,105,201566.23
2026-06-15,West India,Footwear,115,160,261524.45
2026-06-15,North India,Apparel,131,176,258272.03
2026-06-15,North India,Accessories,73,101,157834.84
2026-06-15,North India,Footwear,83,121,207457.78
2026-06-15,South India,Apparel,149,220,275583.34
2026-06-15,South India,Accessories,77,108,177055.14
2026-06-15,South India,Footwear,86,116,219016.45
2026-06-16,West India,Apparel,164,264,312094.96
2026-06-16,West India,Accessories,78,130,194798.55
2026-06-16,West India,Footwear,120,215,267323.0
2026-06-16,North India,Apparel,127,185,269935.11
2026-06-16,North India,Accessories,74,126,169320.93
2026-06-16,North India,Footwear,82,127,213222.82
2026-06-16,South India,Apparel,139,221,296012.69
2026-06-16,South India,Accessories,89,124,183144.13
2026-06-16,South India,Footwear,97,154,242696.06
2026-06-17,West India,Apparel,166,251,355016.52
2026-06-17,West India,Accessories,81,143,208356.49
2026-06-17,West India,Footwear,125,190,259933.38
2026-06-17,North India,Apparel,138,224,300100.44
2026-06-17,North India,Accessories,83,122,172196.85
2026-06-17,North India,Footwear,118,163,221978.28
2026-06-17,South India,Apparel,147,206,312288.69
2026-06-17,South India,Accessories,76,108,184147.85
2026-06-17,South India,Footwear,89,142,228466.37
2026-06-18,West India,Apparel,182,322,336746.57
2026-06-18,West India,Accessories,79,125,201849.69
2026-06-18,West India,Footwear,140,229,257527.06
2026-06-18,North India,Apparel,155,259,283978.7
2026-06-18,North India,Accessories,73,111,160645.8
2026-06-18,North India,Footwear,90,131,219182.11
2026-06-18,South India,Apparel,141,223,296662.47
2026-06-18,South India,Accessories,96,161,185173.81
2026-06-18,South India,Footwear,96,171,214326.88
2026-06-19,West India,Apparel,129,179,322283.33
2026-06-19,West India,Accessories,81,120,204332.71
2026-06-19,West India,Footwear,98,151,242343.39
2026-06-19,North India,Apparel,111,178,287381.41
2026-06-19,North India,Accessories,89,134,187513.04
2026-06-19,North India,Footwear,89,152,216805.2
2026-06-19,South India,Apparel,152,264,311324.42
2026-06-19,South India,Accessories,85,130,188978.27
2026-06-19,South India,Footwear,129,210,249424.1
2026-06-20,West India,Apparel,156,205,358851.24
2026-06-20,West India,Accessories,103,144,230200.75
2026-06-20,West India,Footwear,142,209,278908.23
2026-06-20,North India,Apparel,114,171,293778.3
2026-06-20,North India,Accessories,74,99,191990.95
2026-06-20,North India,Footwear,97,156,243586.38
2026-06-20,South India,Apparel,146,192,314191.65
2026-06-20,South India,Accessories,75,133,196700.75
2026-06-20,South India,Footwear,107,155,254993.9
2026-06-21,West India,Apparel,191,337,350735.37
2026-06-21,West India,Accessories,110,146,208419.65
2026-06-21,West India,Footwear,152,238,293009.6
2026-06-21,North India,Apparel,130,194,293956.68
2026-06-21,North India,Accessories,98,174,183092.82
2026-06-21,North India,Footwear,123,177,240471.83
2026-06-21,South India,Apparel,162,280,304373.42
2026-06-21,South India,Accessories,82,146,203059.1
2026-06-21,South India,Footwear,98,133,250662.65
2026-06-22,West India,Apparel,137,215,307948.92
2026-06-22,West India,Accessories,73,120,190444.66
2026-06-22,West India,Footwear,98,146,213374.43
2026-06-22,North India,Apparel,114,153,242609.38
2026-06-22,North India,Accessories,63,95,154150.49
2026-06-22,North India,Footwear,85,111,196857.04
2026-06-22,South India,Apparel,141,252,278089.61
2026-06-22,South India,Accessories,78,137,173249.56
2026-06-22,South India,Footwear,102,135,202923.97
2026-06-23,West India,Apparel,172,240,318362.34
2026-06-23,West India,Accessories,80,125,203638.23
2026-06-23,West India,Footwear,127,215,250032.03
2026-06-23,North India,Apparel,117,207,293825.03
2026-06-23,North India,Accessories,94,132,177074.31
2026-06-23,North India,Footwear,86,128,219999.85
2026-06-23,South India,Apparel,128,178,286393.22
2026-06-23,South India,Accessories,80,130,187698.85
2026-06-23,South India,Footwear,116,192,231593.31
2026-06-24,West India,Apparel,133,185,340088.0
2026-06-24,West India,Accessories,90,140,199248.49
2026-06-24,West India,Footwear,119,213,257768.07
2026-06-24,North India,Apparel,123,185,269424.96
2026-06-24,North India,Accessories,77,108,176873.28
2026-06-24,North India,Footwear,118,211,218636.94
2026-06-24,South India,Apparel,124,190,314128.1
2026-06-24,South India,Accessories,74,120,182836.21
2026-06-24,South India,Footwear,107,173,229452.16
2026-06-25,West India,Apparel,154,226,356444.89
2026-06-25,West India,Accessories,88,156,207091.74
2026-06-25,West India,Footwear,116,197,249627.69
2026-06-25,North India,Apparel,117,178,280804.34
2026-06-25,North India,Accessories,68,92,165169.78
2026-06-25,North India,Footwear,98,164,227331.62
2026-06-25,South India,Apparel,146,197,294921.59
2026-06-25,South India,Accessories,90,125,174692.35
2026-06-25,South India,Footwear,105,182,235232.34
2026-06-26,West India,Apparel,147,203,349010.34
2026-06-26,West India,Accessories,101,138,220490.18
2026-06-26,West India,Footwear,132,180,270803.85
2026-06-26,North India,Apparel,121,161,286882.0
2026-06-26,North India,Accessories,72,120,174802.9
2026-06-26,North India,Footwear,108,184,234452.54
2026-06-26,South India,Apparel,145,201,303734.98
2026-06-26,South India,Accessories,90,127,191097.75
2026-06-26,South India,Footwear,117,168,241842.57
2026-06-27,West India,Apparel,171,248,368132.36
2026-06-27,West India,Accessories,106,178,211781.96
2026-06-27,West India,Footwear,127,205,279294.85
2026-06-27,North India,Apparel,111,178,291033.87
2026-06-27,North India,Accessories,75,127,191959.71
2026-06-27,North India,Footwear,135,176,252687.46
2026-06-27,South India,Apparel,139,209,305837.89
2026-06-27,South India,Accessories,92,158,207149.88
2026-06-27,South India,Footwear,139,235,275942.23
2026-06-28,West India,Apparel,131,227,342143.09
2026-06-28,West India,Accessories,108,162,223384.09
2026-06-28,West India,Footwear,123,217,282579.6
2026-06-28,North India,Apparel,129,186,289811.36
2026-06-28,North India,Accessories,99,131,194278.96
2026-06-28,North India,Footwear,111,190,236169.85
2026-06-28,South India,Apparel,163,226,320058.24
2026-06-28,South India,Accessories,103,180,208644.38
2026-06-28,South India,Footwear,109,186,256509.44
2026-06-29,West India,Apparel,151,269,306245.88
2026-06-29,West India,Accessories,92,139,197446.95
2026-06-29,West India,Footwear,102,171,247217.24
2026-06-29,North India,Apparel,109,153,269044.77
2026-06-29,North India,Accessories,74,132,167055.19
2026-06-29,North India,Footwear,108,168,212490.49
2026-06-29,South India,Apparel,155,232,290488.27
2026-06-29,South India,Accessories,79,110,166675.46
2026-06-29,South India,Footwear,100,153,214636.25
2026-06-30,West India,Apparel,138,227,319519.04
2026-06-30,West India,Accessories,99,148,211142.13
2026-06-30,West India,Footwear,132,219,264351.61
2026-06-30,North India,Apparel,151,231,285140.36
2026-06-30,North India,Accessories,86,131,168313.42
2026-06-30,North India,Footwear,93,163,226800.61
2026-06-30,South India,Apparel,148,212,298431.52
2026-06-30,South India,Accessories,98,173,187267.37
2026-06-30,South India,Footwear,121,208,240340.44
2026-07-01,West India,Apparel,193,266,352876.08
2026-07-01,West India,Accessories,89,125,216682.41
2026-07-01,West India,Footwear,110,189,273989.87
2026-07-01,North India,Apparel,170,294,313090.75
2026-07-01,North India,Accessories,76,127,176029.52
2026-07-01,North India,Footwear,95,168,231195.47
2026-07-01,South India,Apparel,136,236,294625.81
2026-07-01,South India,Accessories,80,136,193308.25
2026-07-01,South India,Footwear,118,167,224245.25
2026-07-02,West India,Apparel,158,251,348644.99
2026-07-02,West India,Accessories,88,154,214407.1
2026-07-02,West India,Footwear,118,193,283527.91
2026-07-02,North India,Apparel,150,254,293346.91
2026-07-02,North India,Accessories,72,126,172096.96
2026-07-02,North India,Footwear,120,194,249995.05
2026-07-02,South India,Apparel,128,172,332906.97
2026-07-02,South India,Accessories,78,112,195702.74
2026-07-02,South India,Footwear,113,202,238317.84
2026-07-03,West India,Apparel,179,301,365557.15
2026-07-03,West India,Accessories,93,151,212827.37
2026-07-03,West India,Footwear,152,214,276581.11
2026-07-03,North India,Apparel,132,204,298161.8
2026-07-03,North India,Accessories,90,155,187450.12
2026-07-03,North India,Footwear,114,202,243316.94
2026-07-03,South India,Apparel,133,190,321323.41
2026-07-03,South India,Accessories,80,139,193200.99
2026-07-03,South India,Footwear,109,184,244247.26
2026-07-04,West India,Apparel,210,275,418369.02
2026-07-04,West India,Accessories,97,156,230030.44
2026-07-04,West India,Footwear,124,190,276766.28
2026-07-04,North India,Apparel,139,194,323115.44
2026-07-04,North India,Accessories,82,120,202394.06
2026-07-04,North India,Footwear,136,242,261839.74
2026-07-04,South India,Apparel,137,200,349179.73
2026-07-04,South India,Accessories,111,149,220110.14
2026-07-04,South India,Footwear,138,247,257893.9
2026-07-05,West India,Apparel,207,354,395633.6
2026-07-05,West India,Accessories,95,153,231610.16
2026-07-05,West India,Footwear,128,199,295935.86
2026-07-05,North India,Apparel,142,209,307195.2
2026-07-05,North India,Accessories,98,166,190978.04
2026-07-05,North India,Footwear,131,186,253331.54
2026-07-05,South India,Apparel,168,276,348627.57
2026-07-05,South India,Accessories,110,185,206625.13
2026-07-05,South India,Footwear,133,218,262593.39
2026-07-06,West India,Apparel,158,250,322131.06
2026-07-06,West India,Accessories,94,151,211997.4
2026-07-06,West India,Footwear,120,164,277209.52
2026-07-06,North India,Apparel,114,187,268352.76
2026-07-06,North India,Accessories,77,115,167101.71
2026-07-06,North India,Footwear,105,159,209005.57
2026-07-06,South India,Apparel,163,279,325477.88
2026-07-06,South India,Accessories,75,115,180826.64
2026-07-06,South India,Footwear,106,186,244945.6
2026-07-07,West India,Apparel,148,236,330255.86
2026-07-07,West India,Accessories,121,188,225886.54
2026-07-07,West India,Footwear,97,150,247290.03
2026-07-07,North India,Apparel,119,181,307110.82
2026-07-07,North India,Accessories,93,125,184582.64
2026-07-07,North India,Footwear,107,180,229728.0
2026-07-07,South India,Apparel,159,252,291712.92
2026-07-07,South India,Accessories,75,103,192396.94
2026-07-07,South India,Footwear,117,189,242970.59
2026-07-08,West India,Apparel,145,205,351284.63
2026-07-08,West India,Accessories,102,171,224653.87
2026-07-08,West India,Footwear,110,155,287335.25
2026-07-08,North India,Apparel,152,217,305838.4
2026-07-08,North India,Accessories,71,127,184782.02
2026-07-08,North India,Footwear,103,178,240292.16
2026-07-08,South India,Apparel,167,261,329390.83
2026-07-08,South India,Accessories,94,142,192745.49
2026-07-08,South India,Footwear,101,177,263838.9
2026-07-09,West India,Apparel,179,261,360978.53
2026-07-09,West India,Accessories,98,152,221267.33
2026-07-09,West India,Footwear,130,217,276495.59
2026-07-09,North India,Apparel,140,190,289585.16
2026-07-09,North India,Accessories,77,117,191090.11
2026-07-09,North India,Footwear,89,140,216594.79
2026-07-09,South India,Apparel,152,211,312338.95
2026-07-09,South India,Accessories,97,129,197881.05
2026-07-09,South India,Footwear,110,144,251054.74
2026-07-10,West India,Apparel,195,312,377127.76
2026-07-10,West India,Accessories,107,142,230754.87
2026-07-10,West India,Footwear,116,151,293964.53
2026-07-10,North India,Apparel,121,190,306998.39
2026-07-10,North India,Accessories,98,159,193322.71
2026-07-10,North India,Footwear,103,182,236021.16
2026-07-10,South India,Apparel,150,230,306497.84
2026-07-10,South India,Accessories,107,141,213148.73
2026-07-10,South India,Footwear,113,147,268126.05
2026-07-11,West India,Apparel,153,245,355257.6
2026-07-11,West India,Accessories,97,160,238564.11
2026-07-11,West India,Footwear,141,225,308733.86
2026-07-11,North India,Apparel,163,230,300285.05
2026-07-11,North India,Accessories,89,123,190440.82
2026-07-11,North India,Footwear,95,133,243801.12
2026-07-11,South India,Apparel,193,340,351157.08
2026-07-11,South India,Accessories,113,190,204554.44
2026-07-11,South India,Footwear,104,185,263830.83
2026-07-12,West India,Apparel,203,350,379281.28
2026-07-12,West India,Accessories,105,158,240656.88
2026-07-12,West India,Footwear,156,260,301083.79
2026-07-12,North India,Apparel,127,219,304612.36
2026-07-12,North India,Accessories,92,133,204136.92
2026-07-12,North India,Footwear,101,149,242012.95
2026-07-12,South India,Apparel,174,266,343966.1
2026-07-12,South India,Accessories,84,118,201646.89
2026-07-12,South India,Footwear,131,226,276275.39
2026-07-13,West India,Apparel,135,238,311731.33
2026-07-13,West India,Accessories,84,150,198623.17
2026-07-13,West India,Footwear,131,214,245744.57
2026-07-13,North India,Apparel,141,216,262769.45
2026-07-13,North India,Accessories,83,121,168603.45
2026-07-13,North India,Footwear,93,160,206850.59
2026-07-13,South India,Apparel,115,186,296503.45
2026-07-13,South India,Accessories,69,106,174514.94
2026-07-13,South India,Footwear,115,189,222023.53
2026-07-14,West India,Apparel,167,228,338992.76
2026-07-14,West India,Accessories,95,148,203553.02
2026-07-14,West India,Footwear,140,225,257209.05
2026-07-14,North India,Apparel,116,157,270041.47
2026-07-14,North India,Accessories,88,134,177002.53
2026-07-14,North India,Footwear,90,134,222319.78
2026-07-14,South India,Apparel,130,170,297353.34
2026-07-14,South India,Accessories,90,135,187291.46
2026-07-14,South India,Footwear,91,161,222859.61
2026-07-15,West India,Apparel,150,252,343238.65
2026-07-15,West India,Accessories,88,142,213992.69
2026-07-15,West India,Footwear,100,132,260638.83
2026-07-15,North India,Apparel,126,173,282661.49
2026-07-15,North India,Accessories,65,85,170609.66
2026-07-15,North India,Footwear,87,127,216959.69
2026-07-15,South India,Apparel,113,173,292867.93
2026-07-15,South India,Accessories,74,106,189918.93
2026-07-15,South India,Footwear,127,192,238780.63
2026-07-16,West India,Apparel,154,274,340047.68
2026-07-16,West India,Accessories,94,162,208313.42
2026-07-16,West India,Footwear,122,210,247446.24
2026-07-16,North India,Apparel,128,228,286342.05
2026-07-16,North India,Accessories,84,110,173220.5
2026-07-16,North India,Footwear,113,185,222635.37
2026-07-16,South India,Apparel,133,190,311521.0
2026-07-16,South India,Accessories,92,152,192660.19
2026-07-16,South India,Footwear,109,188,228522.95
2026-07-17,West India,Apparel,179,313,353001.41
2026-07-17,West India,Accessories,112,173,205508.45
2026-07-17,West India,Footwear,140,234,280036.64
2026-07-17,North India,Apparel,120,212,293824.15
2026-07-17,North India,Accessories,71,117,170308.48
2026-07-17,North India,Footwear,104,143,217167.02
2026-07-17,South India,Apparel,141,195,314649.94
2026-07-17,South India,Accessories,109,192,199023.98
2026-07-17,South India,Footwear,131,177,240546.64
2026-07-18,West India,Apparel,166,218,337161.31
2026-07-18,West India,Accessories,112,166,220076.98
2026-07-18,West India,Footwear,136,199,283075.41
2026-07-18,North India,Apparel,171,239,312289.23
2026-07-18,North India,Accessories,74,130,191956.88
2026-07-18,North India,Footwear,107,155,239361.33
2026-07-18,South India,Apparel,137,235,331350.16
2026-07-18,South India,Accessories,94,158,203060.46
2026-07-18,South India,Footwear,127,224,261273.3
2026-07-19,West India,Apparel,127,214,331564.27
2026-07-19,West India,Accessories,88,115,206289.24
2026-07-19,West India,Footwear,112,179,273390.08
2026-07-19,North India,Apparel,154,221,289841.8
2026-07-19,North India,Accessories,103,156,189088.77
2026-07-19,North India,Footwear,111,167,236309.85
2026-07-19,South India,Apparel,158,276,319267.54
2026-07-19,South India,Accessories,98,152,202852.97
2026-07-19,South India,Footwear,120,186,241446.5
2026-07-20,West India,Apparel,147,232,306679.59
2026-07-20,West India,Accessories,77,109,191655.81
2026-07-20,West India,Footwear,105,187,257045.37
2026-07-20,North India,Apparel,131,204,251687.83
2026-07-20,North India,Accessories,67,106,165289.86
2026-07-20,North India,Footwear,79,107,201291.75
2026-07-20,South India,Apparel,116,154,277940.87
2026-07-20,South India,Accessories,67,89,164369.72
2026-07-20,South India,Footwear,107,174,214796.45
2026-07-21,West India,Apparel,121,211,310587.34
2026-07-21,West India,Accessories,98,156,202619.3
2026-07-21,West India,Footwear,118,162,255576.83
2026-07-21,North India,Apparel,101,154,263073.6
2026-07-21,North India,Accessories,80,140,176360.2
2026-07-21,North India,Footwear,117,206,221471.83
2026-07-21,South India,Apparel,136,200,280621.2
2026-07-21,South India,Accessories,80,111,171864.76
2026-07-21,South India,Footwear,113,186,227326.11
2026-07-22,West India,Apparel,183,297,335533.72
2026-07-22,West India,Accessories,94,126,219573.2
2026-07-22,West India,Footwear,103,179,248125.17
2026-07-22,North India,Apparel,135,200,279029.3
2026-07-22,North India,Accessories,86,114,177077.14
2026-07-22,North India,Footwear,105,156,210931.11
2026-07-22,South India,Apparel,138,222,277430.34
2026-07-22,South India,Accessories,87,136,182573.53
2026-07-22,South India,Footwear,109,173,229999.43
2026-07-23,West India,Apparel,153,268,339438.51
2026-07-23,West India,Accessories,111,168,205886.88
2026-07-23,West India,Footwear,101,154,262168.53
2026-07-23,North India,Apparel,131,178,295309.21
2026-07-23,North India,Accessories,78,129,172431.62
2026-07-23,North India,Footwear,89,142,205569.75
2026-07-23,South India,Apparel,119,206,295245.02
2026-07-23,South India,Accessories,81,114,183999.22
2026-07-23,South India,Footwear,106,160,247165.68
2026-07-24,West India,Apparel,158,260,328229.29
2026-07-24,West India,Accessories,109,190,204642.63
2026-07-24,West India,Footwear,135,195,265213.08
2026-07-24,North India,Apparel,127,203,302404.61
2026-07-24,North India,Accessories,91,120,185686.58
2026-07-24,North India,Footwear,116,151,213622.03
2026-07-24,South India,Apparel,124,208,319508.66
2026-07-24,South India,Accessories,89,135,194827.69
2026-07-24,South India,Footwear,103,156,229537.92
2026-07-25,West India,Apparel,149,267,375986.36
2026-07-25,West India,Accessories,103,143,218417.37
2026-07-25,West India,Footwear,141,195,287266.96
2026-07-25,North India,Apparel,139,244,305591.21
2026-07-25,North India,Accessories,104,156,193680.15
2026-07-25,North India,Footwear,123,220,247797.93
2026-07-25,South India,Apparel,159,252,311428.6
2026-07-25,South India,Accessories,83,123,188090.77
2026-07-25,South India,Footwear,138,208,264123.58
2026-07-26,West India,Apparel,145,215,362594.9
2026-07-26,West India,Accessories,123,170,229532.73
2026-07-26,West India,Footwear,121,174,290433.31
2026-07-26,North India,Apparel,170,294,316747.77
2026-07-26,North India,Accessories,98,128,183737.02
2026-07-26,North India,Footwear,93,131,233311.39
2026-07-26,South India,Apparel,148,251,317338.5
2026-07-26,South India,Accessories,96,172,213322.98
2026-07-26,South India,Footwear,102,135,253647.93
2026-07-27,West India,Apparel,130,212,326438.55
2026-07-27,West India,Accessories,97,146,195615.46
2026-07-27,West India,Footwear,118,180,261983.45
2026-07-27,North India,Apparel,135,192,276444.01
2026-07-27,North India,Accessories,78,135,150473.55
2026-07-27,North India,Footwear,113,186,217159.96
2026-07-27,South India,Apparel,136,187,271511.05
2026-07-27,South India,Accessories,94,158,173620.75
2026-07-27,South India,Footwear,130,217,239865.02
2026-07-28,West India,Apparel,149,250,340325.22
2026-07-28,West India,Accessories,105,167,190208.76
2026-07-28,West India,Footwear,124,172,249085.93
2026-07-28,North India,Apparel,131,209,295748.25
2026-07-28,North India,Accessories,74,129,177995.77
2026-07-28,North India,Footwear,105,165,210070.9
2026-07-28,South India,Apparel,145,256,300878.67
2026-07-28,South India,Accessories,75,113,194588.83
2026-07-28,South India,Footwear,107,144,235955.17
2026-07-29,West India,Apparel,160,213,356784.76
2026-07-29,West India,Accessories,115,160,218744.29
2026-07-29,West India,Footwear,142,248,266724.19
2026-07-29,North India,Apparel,143,235,266918.43
2026-07-29,North India,Accessories,75,128,181206.64
2026-07-29,North India,Footwear,103,150,233926.68
2026-07-29,South India,Apparel,123,196,316397.87
2026-07-29,South India,Accessories,91,152,196062.86
2026-07-29,South India,Footwear,116,162,224478.89
2026-07-30,West India,Apparel,158,250,346532.87
2026-07-30,West India,Accessories,98,155,209265.58
2026-07-30,West India,Footwear,117,194,272915.32
2026-07-30,North India,Apparel,120,193,294271.18
2026-07-30,North India,Accessories,80,108,184312.36
2026-07-30,North India,Footwear,103,178,229607.57
2026-07-30,South India,Apparel,161,256,302759.62
2026-07-30,South India,Accessories,75,128,179896.98
2026-07-30,South India,Footwear,110,161,252093.36
2026-07-31,West India,Apparel,147,244,366826.64
2026-07-31,West India,Accessories,105,139,220443.27
2026-07-31,West India,Footwear,143,212,281073.34
2026-07-31,North India,Apparel,135,191,299057.31
2026-07-31,North India,Accessories,86,146,179154.22
2026-07-31,North India,Footwear,98,166,238925.14
2026-07-31,South India,Apparel,147,194,312053.75
2026-07-31,South India,Accessories,79,123,199457.86
2026-07-31,South India,Footwear,123,210,243503.23
2026-08-01,West India,Apparel,228,374,416931.52
2026-08-01,West India,Accessories,98,140,243284.89
2026-08-01,West India,Footwear,115,203,293840.88
2026-08-01,North India,Apparel,138,211,320127.42
2026-08-01,North India,Accessories,103,138,197111.23
2026-08-01,North India,Footwear,98,134,242172.47
2026-08-01,South India,Apparel,147,206,329589.88
2026-08-01,South India,Accessories,93,138,209930.55
2026-08-01,South India,Footwear,106,145,268393.3
2026-08-02,West India,Apparel,151,258,381897.23
2026-08-02,West India,Accessories,102,165,234389.89
2026-08-02,West India,Footwear,166,295,302357.47
2026-08-02,North India,Apparel,128,190,311032.61
2026-08-02,North India,Accessories,89,138,198278.85
2026-08-02,North India,Footwear,124,176,257755.66
2026-08-02,South India,Apparel,163,290,342542.6
2026-08-02,South India,Accessories,99,143,205507.16
2026-08-02,South India,Footwear,125,202,275169.25
2026-08-03,West India,Apparel,149,245,302493.83
2026-08-03,West India,Accessories,103,157,207066.73
2026-08-03,West India,Footwear,113,185,259889.51
2026-08-03,North India,Apparel,132,211,293323.16
2026-08-03,North India,Accessories,93,125,170808.3
2026-08-03,North India,Footwear,84,109,218866.64
2026-08-03,South India,Apparel,120,205,288819.53
2026-08-03,South India,Accessories,81,133,186373.9
2026-08-03,South India,Footwear,128,225,244348.21
2026-08-04,West India,Apparel,139,186,343424.9
2026-08-04,West India,Accessories,121,184,219652.48
2026-08-04,West India,Footwear,144,219,280115.08
2026-08-04,North India,Apparel,124,216,299693.29
2026-08-04,North India,Accessories,95,137,181232.74
2026-08-04,North India,Footwear,118,177,222459.28
2026-08-04,South India,Apparel,124,186,318292.82
2026-08-04,South India,Accessories,88,147,190909.76
2026-08-04,South India,Footwear,124,199,238760.66
2026-08-05,West India,Apparel,143,211,335313.43
2026-08-05,West India,Accessories,89,137,220496.24
2026-08-05,West India,Footwear,139,215,282244.83
2026-08-05,North India,Apparel,125,213,312359.35
2026-08-05,North India,Accessories,76,135,190498.11
2026-08-05,North India,Footwear,98,155,250622.16
2026-08-05,South India,Apparel,143,210,323556.46
2026-08-05,South India,Accessories,101,135,202473.62
2026-08-05,South India,Footwear,104,167,263531.7
2026-08-06,West India,Apparel,167,255,358243.12
2026-08-06,West India,Accessories,93,130,228900.27
2026-08-06,West India,Footwear,118,187,285092.28
2026-08-06,North India,Apparel,150,261,305336.97
2026-08-06,North India,Accessories,80,130,195503.29
2026-08-06,North India,Footwear,87,131,227551.69
2026-08-06,South India,Apparel,136,207,326112.93
2026-08-06,South India,Accessories,97,153,205814.01
2026-08-06,South India,Footwear,129,221,257193.61
2026-08-07,West India,Apparel,172,244,365647.37
2026-08-07,West India,Accessories,90,157,220257.3
2026-08-07,West India,Footwear,130,199,294366.89
2026-08-07,North India,Apparel,148,221,320746.77
2026-08-07,North India,Accessories,79,122,180728.76
2026-08-07,North India,Footwear,102,170,251090.24
2026-08-07,South India,Apparel,132,227,322188.48
2026-08-07,South India,Accessories,90,129,206175.13
2026-08-07,South India,Footwear,135,220,269669.44
2026-08-08,West India,Apparel,174,308,385692.3
2026-08-08,West India,Accessories,95,170,239018.16
2026-08-08,West India,Footwear,171,255,314019.83
2026-08-08,North India,Apparel,142,222,335959.74
2026-08-08,North India,Accessories,82,135,202935.87
2026-08-08,North India,Footwear,107,151,269064.77
2026-08-08,South India,Apparel,147,262,341389.77
2026-08-08,South India,Accessories,103,141,207559.73
2026-08-08,South India,Footwear,143,221,283369.17
2026-08-09,West India,Apparel,204,321,369823.32
2026-08-09,West India,Accessories,95,140,232616.71
2026-08-09,West India,Footwear,148,247,287285.42
2026-08-09,North India,Apparel,165,246,316184.75
2026-08-09,North India,Accessories,109,157,197087.43
2026-08-09,North India,Footwear,124,178,256381.03
2026-08-09,South India,Apparel,177,276,345580.14
2026-08-09,South India,Accessories,98,131,222227.75
2026-08-09,South India,Footwear,138,232,269263.05
2026-08-10,West India,Apparel,138,193,335406.35
2026-08-10,West India,Accessories,91,119,201942.28
2026-08-10,West India,Footwear,111,190,264193.63
2026-08-10,North India,Apparel,105,178,265543.96
2026-08-10,North India,Accessories,75,122,179171.38
2026-08-10,North India,Footwear,93,163,215981.51
2026-08-10,South India,Apparel,146,195,300452.46
2026-08-10,South India,Accessories,87,142,188362.64
2026-08-10,South India,Footwear,88,121,230714.43
2026-08-11,West India,Apparel,134,177,337412.51
2026-08-11,West India,Accessories,100,162,209479.4
2026-08-11,West India,Footwear,131,179,264854.82
2026-08-11,North India,Apparel,158,255,298417.78
2026-08-11,North India,Accessories,94,154,186584.62
2026-08-11,North India,Footwear,98,173,219993.98
2026-08-11,South India,Apparel,122,163,303071.59
2026-08-11,South India,Accessories,69,118,181288.08
2026-08-11,South India,Footwear,101,149,233958.89
2026-08-12,West India,Apparel,138,248,334745.46
2026-08-12,West India,Accessories,121,193,225094.61
2026-08-12,West India,Footwear,131,191,262168.47
2026-08-12,North India,Apparel,157,217,306208.28
2026-08-12,North India,Accessories,72,118,181376.48
2026-08-12,North India,Footwear,127,200,232668.09
2026-08-12,South India,Apparel,137,207,312811.59
2026-08-12,South India,Accessories,97,159,197491.96
2026-08-12,South India,Footwear,97,173,250441.33
2026-08-13,West India,Apparel,153,215,333651.12
2026-08-13,West India,Accessories,86,121,205679.35
2026-08-13,West India,Footwear,125,214,272864.27
2026-08-13,North India,Apparel,127,206,294833.41
2026-08-13,North India,Accessories,84,111,176498.62
2026-08-13,North India,Footwear,103,156,221760.75
2026-08-13,South India,Apparel,163,259,322113.27
2026-08-13,South India,Accessories,106,178,196798.3
2026-08-13,South India,Footwear,113,171,238770.24
2026-08-14,West India,Apparel,167,280,344882.46
2026-08-14,West India,Accessories,90,136,211269.95
2026-08-14,West India,Footwear,131,204,279770.69
2026-08-14,North India,Apparel,161,242,303812.49
2026-08-14,North India,Accessories,89,140,190925.96
2026-08-14,North India,Footwear,123,198,225355.57
2026-08-14,South India,Apparel,161,229,294212.43
2026-08-14,South India,Accessories,97,139,191621.23
2026-08-14,South India,Footwear,109,141,242356.94
2026-08-15,West India,Apparel,192,302,360379.18
2026-08-15,West India,Accessories,104,146,233700.86
2026-08-15,West India,Footwear,113,153,289459.34
2026-08-15,North India,Apparel,162,290,312270.72
2026-08-15,North India,Accessories,90,161,206582.43
2026-08-15,North India,Footwear,91,127,235693.2
2026-08-15,South India,Apparel,149,222,319014.65
2026-08-15,South India,Accessories,108,194,208906.72
2026-08-15,South India,Footwear,111,198,258496.47
2026-08-16,West India,Apparel,143,226,365319.11
2026-08-16,West India,Accessories,111,173,213867.14
2026-08-16,West India,Footwear,132,181,286960.56
2026-08-16,North India,Apparel,128,168,319580.9
2026-08-16,North India,Accessories,70,91,183262.24
2026-08-16,North India,Footwear,101,134,238432.61
2026-08-16,South India,Apparel,130,207,305677.27
2026-08-16,South India,Accessories,93,148,221183.75
2026-08-16,South India,Footwear,113,196,255835.95
2026-08-17,West India,Apparel,137,208,282066.59
2026-08-17,West India,Accessories,87,118,165005.05
2026-08-17,West India,Footwear,106,189,198760.36
2026-08-17,North India,Apparel,125,188,253566.86
2026-08-17,North India,Accessories,68,120,166988.01
2026-08-17,North India,Footwear,105,177,203695.39
2026-08-17,South India,Apparel,109,169,277899.17
2026-08-17,South India,Accessories,86,112,166541.56
2026-08-17,South India,Footwear,81,109,210685.51
2026-08-18,West India,Apparel,158,259,299529.49
2026-08-18,West India,Accessories,96,160,184638.08
2026-08-18,West India,Footwear,114,193,233968.08
2026-08-18,North India,Apparel,107,166,273912.6
2026-08-18,North India,Accessories,69,114,162464.22
2026-08-18,North India,Footwear,90,144,227441.56
2026-08-18,South India,Apparel,156,250,293230.04
2026-08-18,South India,Accessories,95,126,191063.38
2026-08-18,South India,Footwear,114,182,220185.7
2026-08-19,West India,Apparel,125,190,290540.3
2026-08-19,West India,Accessories,89,142,189456.67
2026-08-19,West India,Footwear,123,230,229322.17
2026-08-19,North India,Apparel,118,188,292307.7
2026-08-19,North India,Accessories,65,87,157364.55
2026-08-19,North India,Footwear,95,128,215895.24
2026-08-19,South India,Apparel,129,186,310407.13
2026-08-19,South India,Accessories,76,125,183439.78
2026-08-19,South India,Footwear,99,175,235279.29
2026-08-20,West India,Apparel,144,214,281798.17
2026-08-20,West India,Accessories,79,127,180080.67
2026-08-20,West India,Footwear,114,163,221018.29
2026-08-20,North India,Apparel,112,179,279294.01
2026-08-20,North India,Accessories,70,93,171886.86
2026-08-20,North India,Footwear,109,195,216667.19
2026-08-20,South India,Apparel,125,162,286817.36
2026-08-20,South India,Accessories,81,120,188727.69
2026-08-20,South India,Footwear,93,141,224500.32
2026-08-21,West India,Apparel,136,249,296968.12
2026-08-21,West India,Accessories,86,121,204554.58
2026-08-21,West India,Footwear,103,173,236542.03
2026-08-21,North India,Apparel,147,206,283873.28
2026-08-21,North India,Accessories,79,120,180188.36
2026-08-21,North India,Footwear,94,139,237753.35
2026-08-21,South India,Apparel,141,196,300162.14
2026-08-21,South India,Accessories,94,122,204762.38
2026-08-21,South India,Footwear,101,167,248584.66
2026-08-22,West India,Apparel,128,196,305707.75
2026-08-22,West India,Accessories,86,129,186551.97
2026-08-22,West India,Footwear,144,246,258636.28
2026-08-22,North India,Apparel,124,180,300761.6
2026-08-22,North India,Accessories,85,133,185507.98
2026-08-22,North India,Footwear,96,168,241259.22
2026-08-22,South India,Apparel,116,177,300086.56
2026-08-22,South India,Accessories,108,161,203214.09
2026-08-22,South India,Footwear,98,136,252226.68
2026-08-23,West India,Apparel,136,230,309191.97
2026-08-23,West India,Accessories,103,175,201465.67
2026-08-23,West India,Footwear,107,162,257976.82
2026-08-23,North India,Apparel,126,205,299860.52
2026-08-23,North India,Accessories,84,115,194764.01
2026-08-23,North India,Footwear,114,163,230635.57
2026-08-23,South India,Apparel,156,228,323979.55
2026-08-23,South India,Accessories,106,148,207353.42
2026-08-23,South India,Footwear,126,207,240625.44
